fips,partisan_lean_r
01001,0.7266406527137282
01003,0.7864672271115197
01005,0.5701790073230268
01007,0.8193918407098799
01009,0.9017961942023832
01011,0.2681441792498782
01013,0.6108420928309909
01015,0.7193900679991758
01017,0.6125448280711624
01019,0.8747689463955638
01021,0.8576642335766423
01023,0.6173638278663858
01025,0.5830403482337184
01027,0.8486014503477874
01029,0.9150189865130288
01031,0.7855859901212393
01033,0.7278298752122868
01035,0.5664405096806222
01037,0.7139057750759878
01039,0.859711808809747
01041,0.7716049382716049
01043,0.8990058533866022
01045,0.7577867350677904
01047,0.3342349304482225
01049,0.8664773687590847
01051,0.7561639873707551
01053,0.7290508406457231
01055,0.7746778784520784
01057,0.8566299664911441
01059,0.8625486461869669
01061,0.8820823244552058
01063,0.2193308550185873
01065,0.4621399176954732
01067,0.7514245780023653
01069,0.7346758683108949
01071,0.8538432089837934
01073,0.4418769229732325
01075,0.8775272727272727
01077,0.752704008836931
01079,0.8081911262798634
01081,0.6330559185638627
01083,0.7135565767666114
01085,0.31104033970276
01087,0.2150895140664961
01089,0.5369356522624837
01091,0.5163858161893932
01093,0.9054943429712342
01095,0.8549296124338953
01097,0.5772666074651236
01099,0.6130217369119297
01101,0.3410013986013986
01103,0.7579118964192696
01105,0.2847206641238501
01107,0.6141829624634749
01109,0.6223702134100196
01111,0.8218510158013544
01113,0.4873543208085497
01115,0.8172421731123388
01117,0.6985610690704384
01119,0.2911081744383613
01121,0.6661642803315749
01123,0.7449449449449449
01125,0.5976036475453292
01127,0.8560190943624567
01129,0.7750889679715303
01131,0.3408745247148289
01133,0.91571569772666
02013,0.5689870625152347
02016,0.5689870625152347
02020,0.5689870625152347
02050,0.5689870625152347
02060,0.5689870625152347
02063,0.5689870625152347
02066,0.5689870625152347
02068,0.5689870625152347
02070,0.5689870625152347
02090,0.5689870625152347
02100,0.5689870625152347
02105,0.5689870625152347
02110,0.5689870625152347
02122,0.5689870625152347
02130,0.5689870625152347
02150,0.5689870625152347
02158,0.5689870625152347
02164,0.5689870625152347
02170,0.5689870625152347
02180,0.5689870625152347
02185,0.5689870625152347
02188,0.5689870625152347
02195,0.5689870625152347
02198,0.5689870625152347
02220,0.5689870625152347
02230,0.5689870625152347
02240,0.5689870625152347
02261,0.5689870625152347
02275,0.5689870625152347
02282,0.5689870625152347
02290,0.5689870625152347
04001,0.3996064836503326
04003,0.6098806917502503
04005,0.393566158105813
04007,0.6836299189814815
04009,0.7361522755713628
04011,0.6977025392986699
04012,0.7174711437565582
04013,0.511956746650957
04015,0.7757627885921231
04017,0.5813907624344259
04019,0.4183145743370695
04021,0.6057016874093304
04023,0.4026463051095654
04025,0.6649576310892759
04027,0.5974778209546154
05001,0.7122769064359114
05003,0.7318634423897582
05005,0.7756514269351914
05007,0.6213849683113651
05009,0.8162692847124825
05011,0.6896229354939234
05013,0.8001912045889101
05015,0.6474258970358814
05017,0.4750716332378223
05019,0.5910931174089069
05021,0.7988725588886652
05023,0.831697935473742
05025,0.8310610551274452
05027,0.6759445843828715
05029,0.6899660461304297
05031,0.6753665216690833
05033,0.7810271041369472
05035,0.4787139840610313
05037,0.7274257728803183
05039,0.6376936316695353
05041,0.514978601997147
05043,0.6603299293008641
05045,0.6491691912237216
05047,0.8007459474967723
05049,0.8011104501288915
05051,0.6699978736976399
05053,0.8362218370883883
05055,0.7975347661188369
05057,0.6886188208244375
05059,0.7511194333631849
05061,0.7256874580818243
05063,0.7867389907929484
05065,0.8192405063291139
05067,0.734869109947644
05069,0.3918918918918919
05071,0.7468815542554366
05073,0.6834408602150538
05075,0.8095572733661279
05077,0.4686507936507936
05079,0.7419928825622776
05081,0.7642375995101041
05083,0.8003656307129798
05085,0.758491182233834
05087,0.7845620583922144
05089,0.7935294866895937
05091,0.7493513889767766
05093,0.6497154054306242
05095,0.5692560624743116
05097,0.8057728621526841
05099,0.6886824905400757
05101,0.8124668435013263
05103,0.5861349408764202
05105,0.7763961605584643
05107,0.4248683677602268
05109,0.8595686094538779
05111,0.8095776239581862
05113,0.8430260617760618
05115,0.7489562233888636
05117,0.82125
05119,0.3766599100854967
05121,0.8087703435804702
05123,0.4865362100685733
05125,0.6897533371521811
05127,0.8608156028368794
05129,0.8542258981649005
05131,0.675855847927484
05133,0.8001697072549852
05135,0.8038187441172516
05137,0.7973466003316749
05139,0.6600207146556188
05141,0.790316231465687
05143,0.5171267420078635
05145,0.7949541135648733
05147,0.6527178602243313
05149,0.7946580206885904
06001,0.2101955807703792
06003,0.3292682926829268
06005,0.6257477010981163
06007,0.4991271965553357
06009,0.6278560368593981
06011,0.6286853724540664
06013,0.2936411900836446
06015,0.5678720181749337
06017,0.5461524711770489
06019,0.5089786928593778
06021,0.6611760199195557
06023,0.3356635735193373
06025,0.4913651087459509
06027,0.4991621047927606
06029,0.5926968077219096
06031,0.604178212573191
06033,0.4918345229642363
06035,0.7579808284231818
06037,0.3191324384251053
06039,0.5921206795547744
06041,0.1669106881405563
06043,0.5915448522452413
06045,0.3449612403100775
06047,0.5087855356977498
06049,0.7181274900398407
06051,0.3782981530343008
06053,0.335514388145967
06055,0.3105615646310394
06057,0.4213126891135003
06059,0.4707631033131674
06061,0.5278375190048081
06063,0.5686897784841561
06065,0.4930609684125456
06067,0.3839933234443961
06069,0.4232341133494882
06071,0.4967953851445555
06073,0.4014586685758289
06075,0.155333975243446
06077,0.4892308975958676
06079,0.4306806574426595
06081,0.2318114429215454
06083,0.3511896705735863
06085,0.2810697290764132
06087,0.2085809072948894
06089,0.6697300337457818
06091,0.6077537058152793
06093,0.5798780771557541
06095,0.3705605950461982
06097,0.2522650799837725
06099,0.5417780748663101
06101,0.6450071181614806
06103,0.6973842906678728
06105,0.5277236492471213
06107,0.5919824113516211
06109,0.5973620270739327
06111,0.4099665888362853
06113,0.3007268682024862
06115,0.6149318257399401
08001,0.4415263825556279
08003,0.5395664317063439
08005,0.3850379934306547
08007,0.5577765900587921
08009,0.8413173652694611
08011,0.6834170854271356
08013,0.2077899566658169
08014,0.3432727428070999
08015,0.4185627081021087
08017,0.8815165876777251
08019,0.4019013276512047
08021,0.5745614035087719
08023,0.4086538461538461
08025,0.7215709261430246
08027,0.6679596586501164
08029,0.6648182378311769
08031,0.2059210743756128
08033,0.7582804792107117
08035,0.5228587369440183
08037,0.3650622346931434
08039,0.7449184503110153
08041,0.5355200584013676
08043,0.679820944752032
08045,0.4771829316475701
08047,0.418745458948898
08049,0.4879085297986441
08051,0.3372337507998903
08053,0.5478547854785478
08055,0.5286164939161785
08057,0.7601918465227818
08059,0.388667898557139
08061,0.8621089223638471
08063,0.8336938885884262
08065,0.3981079007926361
08067,0.3930383117065105
08069,0.3977257608146105
08071,0.555441478439425
08073,0.8129132633216647
08075,0.7729777602834088
08077,0.6095960698689956
08079,0.5537848605577689
08081,0.8031779343426773
08083,0.5927589852008457
08085,0.6520669867666004
08087,0.7304205676920791
08089,0.6184873949579832
08091,0.3838457784285017
08093,0.5669212886084357
08095,0.8020390824129142
08097,0.2679323005283424
08099,0.7451399688958009
08101,0.513330278355482
08103,0.8097560975609757
08105,0.6042944785276073
08107,0.3474747474747475
08109,0.4638235294117647
08111,0.3197278911564626
08113,0.2402164862614488
08115,0.7717231222385862
08117,0.2989396876068863
08119,0.6649516109273551
08121,0.8681397006414825
08123,0.5919746016213151
08125,0.8164271927943384
09110,0.3817208835510723
09120,0.3760099259205196
09130,0.424176875957121
09140,0.5300202280250091
09150,0.5696008790863781
09160,0.4985329920719146
09170,0.3892219864529136
09180,0.426362136191714
09190,0.3966980214077197
10001,0.4817054492234034
10003,0.3293309219801607
10005,0.5488048550857159
11001,0.050811852803796
11002,0.0785584446376353
11003,0.0794904001435492
11004,0.0592175081951748
11005,0.0511814514341446
11006,0.0747360203788159
11007,0.0564840564840564
11008,0.0656069656778374
12001,0.3876951694642177
12003,0.8630566869199439
12005,0.7312400920480695
12007,0.7838070628768303
12009,0.5990693016165489
12011,0.410453205507898
12013,0.8349408836341008
12015,0.6669146303992756
12017,0.7263954068388423
12019,0.6916943993186442
12021,0.6621603508917884
12023,0.747439866634913
12027,0.7117232543241512
12029,0.8492881688757977
12031,0.5013813795971719
12033,0.5923479607260037
12035,0.6379700611532834
12037,0.7148564664101805
12039,0.3427382476678251
12041,0.8357664233576643
12043,0.7641598787649176
12045,0.7685408761641945
12047,0.6914355485784057
12049,0.7780916124278522
12051,0.687444279346211
12053,0.6816157272308401
12055,0.7009343993834891
12057,0.5089682595192424
12059,0.8987494515138219
12061,0.6336110690299449
12063,0.7273961444474613
12065,0.5893907315925665
12067,0.8775292864749734
12069,0.6195404376909882
12071,0.6385958386727776
12073,0.3851849489795918
12075,0.7484514091151495
12077,0.8303724928366762
12079,0.6415465268676278
12081,0.6138619918201839
12083,0.654705022395972
12085,0.6523588120987679
12086,0.5535087053842772
12087,0.5879937735465969
12089,0.730635010133951
12091,0.7067339000651214
12093,0.7669074604558476
12095,0.4253669767832527
12097,0.5018810482937445
12099,0.4919370736371475
12101,0.6210423188879085
12103,0.5211639699994971
12105,0.5991138420621228
12107,0.736104984561094
12109,0.6521027895387234
12111,0.5417407133327211
12113,0.7499644204084537
12115,0.5874208675685695
12117,0.5113313889326817
12119,0.685573624034139
12121,0.802201818098762
12123,0.7956386916074822
12125,0.8383887016530251
12127,0.6044896053076539
12129,0.7174657534246576
12131,0.7856696437571823
12133,0.8240623013350286
13001,0.8112550995920327
13003,0.7687275106313379
13005,0.8650547633808638
13007,0.5982384823848238
13009,0.5085790172642762
13011,0.8896282916627056
13013,0.6994582783265808
13015,0.7519245138756148
13017,0.6585140747577296
13019,0.8479176995537928
13021,0.3853370144982003
13023,0.7751489080079418
13025,0.9110588235294118
13027,0.6324549237170597
13029,0.6789988235771368
13031,0.6425881128088924
13033,0.5444444444444444
13035,0.7238651202089255
13037,0.4377431906614786
13039,0.6751411359072481
13043,0.7368651488616462
13045,0.7031441134657983
13047,0.7748729950339631
13049,0.7793863439930856
13051,0.4063241891020417
13053,0.5796930342384888
13055,0.8190734167756398
13057,0.6910359191772296
13059,0.3034583167886248
13061,0.4597780859916782
13063,0.1510529942987049
13065,0.7568775790921596
13067,0.4202591630145826
13069,0.7246579700922685
13071,0.7495635422310517
13073,0.6244995344506518
13075,0.7304607856463232
13077,0.6658131197914242
13079,0.7479495268138802
13081,0.628265155248891
13083,0.8297560975609756
13085,0.8238331373651654
13087,0.6182353450515196
13089,0.1710946208826036
13091,0.7483832335329341
13093,0.5369882690926502
13095,0.2925849335302806
13097,0.3393051568840938
13099,0.5570813691330191
13101,0.9089012517385258
13103,0.7433782143251296
13105,0.7154030660131401
13107,0.7193055411165402
13109,0.7094721960414703
13111,0.8220675944333996
13113,0.5115297522543647
13115,0.7070275828155036
13117,0.660265173708309
13119,0.8615321252059308
13121,0.2702629484453644
13123,0.8103457605107949
13125,0.918562874251497
13127,0.627573328475132
13129,0.8148590886039266
13131,0.6890278036947192
13133,0.6424996089472861
13135,0.4113354299338453
13137,0.8222508591065292
13139,0.7157875123807282
13141,0.3216981132075471
13143,0.8701417746272305
13145,0.7284480830313604
13147,0.7720326564789617
13149,0.8590982286634461
13151,0.3486057938217834
13153,0.5531565129916334
13155,0.7692307692307693
13157,0.7725377304574222
13159,0.7899758719017328
13161,0.8404291553133515
13163,0.5044888114699183
13165,0.6503373423291288
13167,0.7311746987951807
13169,0.6884787472035794
13171,0.7275259316173646
13173,0.7296573875802997
13175,0.6620417951353204
13177,0.7156591076174857
13179,0.4099791558103178
13181,0.7217602920300142
13183,0.6458333333333334
13185,0.587530076367821
13187,0.8051999101527404
13189,0.6227579007307583
13191,0.64079373650108
13193,0.4088775074690567
13195,0.7714898433311491
13197,0.6484396575531621
13199,0.6256362402443163
13201,0.7507342143906021
13205,0.5801509518981638
13207,0.7316990510619069
13209,0.7634029700478228
13211,0.7274865336469161
13213,0.8567094114953057
13215,0.3803655067026127
13217,0.4215508628135002
13219,0.6751933154982226
13221,0.709022897302199
13223,0.6173473675364511
13225,0.5280214062732272
13227,0.8262491035142242
13229,0.886691937301506
13231,0.865726352697426
13233,0.800792864222002
13235,0.7001845018450185
13237,0.7094820222101421
13239,0.5754385964912281
13241,0.7820205315168378
13243,0.4591973244147157
13245,0.3167340687740793
13247,0.2593224092116917
13249,0.8113673805601318
13251,0.625
13253,0.7015223359121537
13255,0.580664689145832
13257,0.8116650125963814
13259,0.4176528599605523
13261,0.4870943646775666
13263,0.4388872447469665
13265,0.4242081447963801
13267,0.7653900375939849
13269,0.6529382219989954
13271,0.6953013763644993
13273,0.4780004607233356
13275,0.6191123188405797
13277,0.6766731414444641
13279,0.7521994134897361
13281,0.8095723014256619
13283,0.7209227811598846
13285,0.6194735497061078
13287,0.6410122619358205
13289,0.5720377019748654
13291,0.809675615212528
13293,0.6974088713219148
13295,0.7935548214174406
13297,0.7264457996436892
13299,0.7142162312395776
13301,0.4753086419753086
13303,0.5081639102496577
13305,0.797212594941376
13307,0.5913173652694611
13309,0.7240773286467487
13311,0.8401783060921248
13313,0.7194687154765491
13315,0.7448461308634599
13317,0.5827775598273833
13319,0.5884270578647107
13321,0.750993662047481
15001,0.3471016505077092
15003,0.3827543624476052
15007,0.3925957956359766
15009,0.3596743675766778
16001,0.5377384603875215
16003,0.7603583426651735
16005,0.6086662830552151
16007,0.8745864661654136
16009,0.7958786936236392
16011,0.7841883447173376
16013,0.32711851455643
16015,0.7590631364562118
16017,0.7189709744763957
16019,0.7099204168808381
16021,0.8149085794655415
16023,0.8487282463186078
16025,0.7513736263736264
16027,0.7203394025801725
16029,0.8408564814814815
16031,0.832792717379931
16033,0.8408408408408409
16035,0.8035310095065641
16037,0.7539622641509434
16039,0.7300412293853074
16041,0.8740256124721604
16043,0.8297809789798618
16045,0.8198681732580038
16047,0.7901318012842177
16049,0.8265368228849665
16051,0.852203046968835
16053,0.756702328508496
16055,0.7479655387170439
16057,0.5219667318982387
16059,0.7625692591832547
16061,0.8155181768855128
16063,0.764736567553469
16065,0.8022237584975228
16067,0.8054611803196174
16069,0.6808563481025234
16071,0.8624338624338624
16073,0.8284848484848485
16075,0.8042517006802721
16077,0.7108314011262007
16079,0.734094616639478
16081,0.4486413854882054
16083,0.730580900650202
16085,0.5820441988950277
16087,0.7975868899693859
17001,0.7296181955645161
17003,0.5904887714663144
17005,0.7131938353589776
17007,0.5646266930954741
17009,0.7894093686354379
17011,0.6118059029514757
17013,0.7682835820895523
17015,0.6485451761102603
17017,0.7082617821026521
17019,0.3719521139156239
17021,0.7260203424745719
17023,0.7472875777154699
17025,0.8291457286432161
17027,0.7497788186312776
17029,0.6337509897992454
17031,0.2838642551536367
17033,0.75355662596617
17035,0.8021844660194175
17037,0.4814139787225024
17039,0.7147104446742503
17041,0.7229890528319848
17043,0.4253057865943157
17045,0.753225398431571
17047,0.8497566909975669
17049,0.7934109747140908
17051,0.8173106968024164
17053,0.7297999083549718
17055,0.7463952502120441
17057,0.6089731672553759
17059,0.7603795966785291
17061,0.7794846382556987
17063,0.6404536719544821
17065,0.8096149246591724
17067,0.7405608302053434
17069,0.8031168831168831
17071,0.6842865395725014
17073,0.612840156412098
17075,0.7797399864732847
17077,0.4753033899064081
17079,0.8206972883231876
17081,0.7325560430314322
17083,0.7427936019160037
17085,0.5761808639483246
17087,0.7861707357037523
17089,0.4463852062384199
17091,0.5952856992528676
17093,0.4846142185842049
17095,0.5374069898534386
17097,0.3892436061980519
17099,0.5858445224290509
17101,0.7725708667868262
17103,0.6015785221552421
17105,0.7237876405853186
17107,0.6974910394265234
17109,0.5851758793969849
17111,0.5190693819998887
17113,0.4675749698263857
17115,0.5873430037148417
17117,0.6864504550698628
17119,0.5575079751732668
17121,0.7405705418954405
17123,0.6722702790925412
17125,0.700674933291477
17127,0.7398142600359496
17129,0.7004515024132025
17131,0.6249251048532055
17133,0.672842165733161
17135,0.7111549253052248
17137,0.6558126834596218
17139,0.7383105932852981
17141,0.6388597615441376
17143,0.4686337020995542
17145,0.7519748944919381
17147,0.6427969671440606
17149,0.8108180122568612
17151,0.7964352720450282
17153,0.6659655027345394
17155,0.6046232362653857
17157,0.7412782584426458
17159,0.7605579232855483
17161,0.4435329634722683
17163,0.4514729848313902
17165,0.7385398981324278
17167,0.515746876422682
17169,0.724174653887114
17171,0.8005411673753382
17173,0.7944958847736625
17175,0.7182180369431366
17177,0.5889339375149057
17179,0.6245917076185151
17181,0.7097519455252919
17183,0.6702023111593073
17185,0.7615770875953134
17187,0.6161194833153929
17189,0.7792620023806375
17191,0.849038345228015
17193,0.7907701019252548
17195,0.5636989670437776
17197,0.4851879090749636
17199,0.6874962118916298
17201,0.489533077787324
17203,0.7027423862075498
18001,0.7542087542087542
18003,0.5539548039931524
18005,0.6265508684863523
18007,0.7266059686393526
18009,0.7421616358325219
18011,0.5701163197044581
18013,0.6545728526718442
18015,0.7520976353928299
18017,0.7239389033574998
18019,0.5930339764384497
18021,0.7762655601659751
18023,0.7319778188539742
18025,0.7319896228297745
18027,0.8145041502839668
18029,0.7839626899353092
18031,0.7836677400710098
18033,0.7266616123325752
18035,0.5699449011719433
18037,0.6999439409511352
18039,0.655034866703016
18041,0.7750559056718845
18043,0.568928640871087
18045,0.7907530384663576
18047,0.8153257978723404
18049,0.7494068466839905
18051,0.7483172925709254
18053,0.699478772928023
18055,0.7607462584569125
18057,0.5208586802144155
18059,0.6591794017690351
18061,0.7255381604696673
18063,0.5989580826796285
18065,0.7300407925407926
18067,0.6671566352055289
18069,0.7330699774266366
18071,0.7678657588591647
18073,0.7636685418115163
18075,0.76734139718588
18077,0.6711343804537522
18079,0.7852485392497248
18081,0.6631359744967478
18083,0.743859649122807
18085,0.7520585281882083
18087,0.7756533435818601
18089,0.4645021417622142
18091,0.5623093269372383
18093,0.7463812532415484
18095,0.6252602484026133
18097,0.3532920348952857
18099,0.7081371545547595
18101,0.7942650892320032
18103,0.7633970093725406
18105,0.3554036447317213
18107,0.7314747767318368
18109,0.7630164119977363
18111,0.777306468716861
18113,0.7493407868368316
18115,0.7703008735037205
18117,0.7528521536670547
18119,0.7453164556962025
18121,0.7752893431534646
18123,0.6403184860373875
18125,0.7671825594940922
18127,0.5432449309000082
18129,0.7096823928461301
18131,0.7588960249956604
18133,0.7510609049070588
18135,0.7592680383047312
18137,0.8013070077864294
18139,0.7592423252775964
18141,0.485287858067905
18143,0.7492883086286444
18145,0.7308899463399817
18147,0.7063111452138884
18149,0.7529108608513075
18151,0.7023969671028495
18153,0.7551182893539582
18155,0.779657035470989
18157,0.4910501640179146
18159,0.7454864593781344
18161,0.7724019467506441
18163,0.5563595956310812
18165,0.7130650496141124
18167,0.5807177630452333
18169,0.7470440702257255
18171,0.7784897025171624
18173,0.6432501057977148
18175,0.7655242886338626
18177,0.6540284360189573
18179,0.7805673758865248
18181,0.7139401540942484
18183,0.7402685320997405
19001,0.71751968503937
19003,0.7118723603941811
19005,0.6650691496645215
19007,0.7274976801732137
19009,0.6835443037974683
19011,0.6599170697995853
19013,0.4879574800887427
19015,0.5994395933793822
19017,0.6044929925803793
19019,0.6337502333395557
19021,0.6601915912719531
19023,0.7205680827208173
19025,0.7280581189868447
19027,0.7026978417266188
19029,0.6958999305072967
19031,0.6014683734939759
19033,0.5503879347920844
19035,0.7222860896698965
19037,0.6796147672552167
19039,0.7041937654182552
19041,0.710241954428001
19043,0.6667732651103294
19045,0.5864023852517533
19047,0.7127969348659003
19049,0.5168840706975556
19051,0.7663291139240507
19053,0.7273946874161524
19055,0.6906645569620253
19057,0.5681650700073692
19059,0.6946926375982845
19061,0.5369250085606666
19063,0.7150020894274969
19065,0.6442905164510543
19067,0.6221639344262295
19069,0.7023541453428864
19071,0.7162483487450463
19073,0.6588018054985638
19075,0.7008834665544804
19077,0.6825299355234878
19079,0.6607685197411858
19081,0.7308275745828418
19083,0.6865069954944273
19085,0.7011841773746535
19087,0.6725506580321705
19089,0.6526772793053546
19091,0.7440299980264456
19093,0.7608456891817683
19095,0.6309659977123844
19097,0.656093489148581
19099,0.6303538637153209
19101,0.5233858362390285
19103,0.3030975507738067
19105,0.6228879349712303
19107,0.7524309607156748
19109,0.7143027698185291
19111,0.6284511576080227
19113,0.4432249997956999
19115,0.6978193146417445
19117,0.7329165768484587
19119,0.8446449026345934
19121,0.6867433716858429
19123,0.7522456461961503
19125,0.681836839404823
19127,0.5700760875878492
19129,0.6896509789614496
19131,0.6489491054368595
19133,0.7216204506065858
19135,0.7486734201640135
19137,0.6887966804979253
19139,0.5662350850469662
19141,0.7996267164378082
19143,0.8148493320907114
19145,0.706180622173496
19147,0.7186495176848875
19149,0.7652716962170698
19151,0.7632241813602015
19153,0.4391872062857299
19155,0.5929837202494878
19157,0.5774746765620299
19159,0.7510249720462169
19161,0.7525697503671072
19163,0.5123073665912662
19165,0.7092198581560284
19167,0.8502197976802076
19169,0.4403455284552846
19171,0.6259017919478707
19173,0.7735542560103964
19175,0.6744496330887259
19177,0.7689122032026505
19179,0.6505387413355295
19181,0.5965954320004898
19183,0.6163102761665656
19185,0.7778134017313242
19187,0.649467257272836
19189,0.6461702505775724
19191,0.5388614068919259
19193,0.608543844026808
19195,0.6346423562412342
19197,0.6752541184717841
20001,0.7194642857142857
20003,0.7908203640200475
20005,0.6769124741557546
20007,0.8543778801843318
20009,0.7762535477767266
20011,0.7612598904443092
20013,0.7294504462188821
20015,0.695681846382926
20017,0.7455540355677155
20019,0.8506876227897839
20021,0.7553057244464839
20023,0.8333333333333334
20025,0.8550295857988166
20027,0.7658643326039387
20029,0.795156906350383
20031,0.7701622115604295
20033,0.8318077803203662
20035,0.6930766382821177
20037,0.6173625566303416
20039,0.8381542699724518
20041,0.7670603674540682
20043,0.810455689124965
20045,0.3019072724453404
20047,0.8211189913317573
20049,0.8393124065769806
20051,0.7211161275997335
20053,0.7534445250181291
20055,0.6646262289000185
20057,0.6828793774319066
20059,0.690352533836953
20061,0.5771035687002074
20063,0.8789398280802292
20065,0.8197358197358198
20067,0.8076576576576576
20069,0.8376652986776105
20071,0.8600337268128162
20073,0.7971567267683772
20075,0.8233128834355828
20077,0.810958904109589
20079,0.5962327489742634
20081,0.8176838810641628
20083,0.8457556935817805
20085,0.7038924930491196
20087,0.6743225546489372
20089,0.8703939008894537
20091,0.4486793879806853
20093,0.8316679477325134
20095,0.7902204205725868
20097,0.8500451671183379
20099,0.682994571392501
20101,0.8410438908659549
20103,0.603469505020932
20105,0.8181818181818182
20107,0.8159888357256778
20109,0.8471428571428572
20111,0.5629149064574532
20113,0.6959727736812252
20115,0.7345826235093696
20117,0.7334943639291466
20119,0.8418879056047197
20121,0.687931495852288
20123,0.8221941992433796
20125,0.7464834016558155
20127,0.7238538681948424
20129,0.8575471698113207
20131,0.8282918149466192
20133,0.7312794811320755
20135,0.8840792369772561
20137,0.8290748898678414
20139,0.7268119614799797
20141,0.8325817361894025
20143,0.8241758241758241
20145,0.748785046728972
20147,0.8576629049872588
20149,0.7282511876484561
20151,0.7481626653601176
20153,0.8510334996436208
20155,0.6624721603563475
20157,0.8190749079001228
20159,0.7748361069087242
20161,0.4783449183564348
20163,0.8496448303078137
20165,0.8188044831880449
20167,0.7973341411693426
20169,0.6487987600103332
20171,0.863231850117096
20173,0.5609006686839254
20175,0.6863088718510405
20177,0.4876740121487674
20179,0.8951201747997086
20181,0.8333976089471654
20183,0.8349950149551346
20185,0.8108957569408067
20187,0.8087349397590361
20189,0.8692098092643051
20191,0.7403545359749739
20193,0.8206877729257642
20195,0.8462507876496534
20197,0.7340980187695516
20199,0.9171122994652406
20201,0.8381481481481482
20203,0.8604651162790697
20205,0.8032195392728282
20207,0.800132802124834
20209,0.372850875459468
21001,0.8519674506743953
21003,0.830749628371204
21005,0.7372039724980901
21007,0.8148238747553816
21009,0.7585736653366332
21011,0.7498608276118018
21013,0.8387062225554247
21015,0.6774806328099492
21017,0.659045621394861
21019,0.6855520022910601
21021,0.6373251687426066
21023,0.8198263386396527
21025,0.789360453745355
21027,0.7845908819430619
21029,0.7478870956537848
21031,0.8254796364860316
21033,0.7853910795087266
21035,0.6813297118564006
21037,0.5890025257753302
21039,0.8360153256704981
21041,0.7488198757763975
21043,0.7864273204903678
21045,0.8779661016949153
21047,0.6613446541460939
21049,0.6687933736288336
21051,0.8951709458560596
21053,0.8762295081967213
21055,0.8355788423153693
21057,0.8496656004652515
21059,0.6523679010771878
21061,0.8080678725788378
21063,0.8021298522844383
21065,0.8095086659246303
21067,0.3989023524992696
21069,0.7968571428571428
21071,0.7876038338658147
21073,0.5144277447667871
21075,0.6951048951048951
21077,0.7937196834311974
21079,0.7946618817988113
21081,0.8173731030873888
21083,0.8021345485070153
21085,0.8028110789582472
21087,0.8593136417961413
21089,0.7460856550771356
21091,0.7284696740772717
21093,0.6382022471910113
21095,0.8772149460708782
21097,0.7361942781104458
21099,0.7956950885955524
21101,0.6397073765494818
21103,0.7546445380232846
21105,0.8003866602223296
21107,0.748149230469511
21109,0.9029322548028312
21111,0.4087933282241119
21113,0.6700945803933344
21115,0.8470172521305341
21117,0.5989984544049459
21119,0.7882725304014659
21121,0.8496503496503497
21123,0.7953981813171672
21125,0.8433510256778081
21127,0.8314059646987219
21129,0.8278810408921933
21131,0.8969474408997016
21133,0.8123368920521945
21135,0.8734486977801084
21137,0.8005256479970999
21139,0.8087288817377313
21141,0.7692307692307693
21143,0.7611655122999761
21145,0.6684723048501737
21147,0.8905168249879246
21149,0.7722857759551047
21151,0.6449827296076521
21153,0.8130451270383011
21155,0.7113186813186814
21157,0.7771464287743621
21159,0.9146374829001368
21161,0.7116991643454039
21163,0.7528861817409165
21165,0.778554070473876
21167,0.7453762351152774
21169,0.8190866510538641
21171,0.8814996232102487
21173,0.725641625711834
21175,0.8101619207146845
21177,0.766269812285443
21179,0.7028636483054558
21181,0.7384754444109671
21183,0.7936899862825789
21185,0.602953884829916
21187,0.8070622497269749
21189,0.8836324089178902
21191,0.8105797101449276
21193,0.79193354683747
21195,0.8220162031236949
21197,0.7634328358208955
21199,0.821150512214342
21201,0.7998251748251748
21203,0.8590108751941999
21205,0.6304700162074555
21207,0.8570786011469695
21209,0.6299183495178253
21211,0.6646889096598528
21213,0.7125113947128532
21215,0.7776809826639951
21217,0.7770071801566579
21219,0.7842331768388107
21221,0.7554196775986659
21223,0.7726523887973641
21225,0.7854077253218884
21227,0.613119943721421
21229,0.744714420952982
21231,0.8248024733768464
21233,0.7809575233981282
21235,0.8415920398009951
21237,0.7420240137221269
21239,0.561865990389749
22001,0.8152320359281438
22003,0.8002513998400183
22005,0.6613897203591952
22007,0.671650429246648
22009,0.7095466733179522
22011,0.8506992566460879
22013,0.5850383631713555
22015,0.7103882677285955
22017,0.46960369169685
22019,0.6904348468614918
22021,0.8592524227041993
22023,0.9280190362879238
22025,0.7493100275988961
22027,0.6055708390646493
22029,0.6413926499032881
22031,0.6726802271257097
22033,0.4339000120644345
22035,0.4037294015611448
22037,0.6052076002814919
22039,0.7394892776523702
22041,0.7415321664014549
22043,0.878797959636283
22045,0.6652006409600764
22047,0.4960270939168946
22049,0.7322169941876557
22051,0.5544737801969641
22053,0.7994149603008776
22055,0.6482094953459482
22057,0.8043178900688528
22059,0.9098187311178249
22061,0.6194855978410531
22063,0.8360543804812915
22065,0.4624248496993988
22067,0.5903733782311578
22069,0.6050531914893617
22071,0.1515679004587444
22073,0.6333105717300888
22075,0.6840623428858723
22077,0.6325842696629214
22079,0.6774229796797453
22081,0.6273825503355704
22083,0.6911780702708583
22085,0.8469026548672567
22087,0.6380407124681934
22089,0.6536631066142027
22091,0.4880765883376849
22093,0.5006361862753415
22095,0.3482764115366229
22097,0.5888291984990417
22099,0.6984723666320083
22101,0.6542087380963775
22103,0.7108986588044861
22105,0.6805313588850174
22107,0.5136278195488722
22109,0.7528976214097322
22111,0.7805250596658712
22113,0.8138786938590185
22115,0.8343550684252895
22117,0.6960715253318884
22119,0.6766430114162295
22121,0.5512431338537149
22123,0.865956984575277
22125,0.6529627163781625
22127,0.7675142708873898
23001,0.5200774890818564
23003,0.6239587131517684
23005,0.3059355000627431
23007,0.5303319129849742
23009,0.4289260985903837
23011,0.5020031281727629
23013,0.3963233306299
23015,0.4336541265675124
23017,0.5558832032379301
23019,0.544807230714458
23021,0.6356687898089172
23023,0.4055037618580308
23025,0.6267712105762807
23027,0.4701551929964186
23029,0.6096520390070922
23031,0.4380824763998253
24001,0.691884628605356
24003,0.4174207045747485
24005,0.3649487202637313
24009,0.5449129579451394
24011,0.6790980584910298
24013,0.6117430940311996
24015,0.6437884893180263
24017,0.2852700490998363
24019,0.5612671846981471
24021,0.443556295321411
24023,0.7591384225530567
24025,0.5573077439269897
24027,0.2738409201719782
24029,0.5024394651246837
24031,0.2191726711796995
24033,0.1119933512656731
24035,0.6285785411999004
24037,0.5736296397519772
24039,0.5753221010901883
24041,0.4908016058587374
24043,0.6034711853262285
24045,0.5153325624223736
24047,0.5998533365925202
24510,0.1221571315074951
25001,0.3885815161517233
25003,0.2897967545104695
25005,0.4846376078870391
25007,0.2259445221828957
25009,0.3886130006329446
25011,0.2955248014457602
25013,0.4451279681535714
25015,0.275724702116308
25017,0.2904437606313919
25019,0.3065518215193448
25021,0.3457122878061254
25023,0.4471109742133774
25025,0.2238074878552119
25027,0.4389322456465463
26001,0.7027135409704585
26003,0.5926207683529859
26005,0.6288218111002921
26007,0.637245787332946
26009,0.6125459068830708
26011,0.6965494649486788
26013,0.6415050784856879
26015,0.6641464488231791
26017,0.5672824509628084
26019,0.5367847411444142
26021,0.5323871303771396
26023,0.7040971168437026
26025,0.5636735289823331
26027,0.6639994258853924
26029,0.5766464692224927
26031,0.648663459782013
26033,0.6125905353155803
26035,0.6809347524294308
26037,0.535437641360261
26039,0.6622227465785748
26041,0.6450123434214136
26043,0.6742864607145189
26045,0.5079253041997207
26047,0.545561974789916
26049,0.4717812932621873
26051,0.6978951446280992
26053,0.579232995658466
26055,0.500685149776928
26057,0.6496372430471584
26059,0.7508564059162536
26061,0.577411691799215
26063,0.6971374347619801
26065,0.3416209496527309
26067,0.6520742069208831
26069,0.6455406522153709
26071,0.6405293866514872
26073,0.5295778304182757
26075,0.5990119685452788
26077,0.4028328962003762
26079,0.7068262642033134
26081,0.4646483124485502
26083,0.5561762880198634
26085,0.6540853217642806
26087,0.6926670875800487
26089,0.4544683257918552
26091,0.6082854649894568
26093,0.6134121841059803
26095,0.7269681742043551
26097,0.6184028737220226
26099,0.5591919160170983
26101,0.5719142259414226
26103,0.4477585145670907
26105,0.5998006202924235
26107,0.6423140201876473
26109,0.6620980091883614
26111,0.5681587686678465
26113,0.7721560485192875
26115,0.6284897851934572
26117,0.6874120855461461
26119,0.71960569550931
26121,0.5016078184110971
26123,0.7065794430934685
26125,0.4375876850372892
26127,0.6420309347679892
26129,0.7035657686212361
26131,0.6454048424889351
26133,0.7311134708737864
26135,0.7157164869029276
26137,0.6695260159038257
26139,0.5949092498963016
26141,0.6371438379677309
26143,0.6586990351696234
26145,0.509562973092702
26147,0.6659517815145205
26149,0.6620602586412803
26151,0.7318222717340075
26153,0.6526444762099245
26155,0.6075905806007571
26157,0.7085558015366584
26159,0.5686555560954278
26161,0.265896685102845
26163,0.3372519442248844
26165,0.6658451427397823
27001,0.6469910739994241
27003,0.5102358148586256
27005,0.6580523964256701
27007,0.5199338896279276
27009,0.670386152967535
27011,0.6377840909090909
27013,0.4955403842977481
27015,0.6672174032768828
27017,0.5029885279089945
27019,0.5172083018429161
27021,0.6605404845723752
27023,0.6626984126984127
27025,0.649174694383415
27027,0.487719191055172
27029,0.7440166493236212
27031,0.3136500961274375
27033,0.6968985750209555
27035,0.6496493887993935
27037,0.4253644765845547
27039,0.6503052699228792
27041,0.6685319157440346
27043,0.6779945729422406
27045,0.6192136197811107
27047,0.6000599880023996
27049,0.5726361928616155
27051,0.6417445482866043
27053,0.2752532476684747
27055,0.5746006670177286
27057,0.6491525423728813
27059,0.6979364280459948
27061,0.5927877428998505
27063,0.7020444444444445
27065,0.7041933484817187
27067,0.646792745444363
27069,0.6152304609218436
27071,0.6204250295159386
27073,0.6517924291802457
27075,0.471207966517535
27077,0.7289002557544757
27079,0.6602571461370681
27081,0.6788592684438933
27083,0.6488490653483702
27085,0.6811793100184563
27087,0.5353860294117647
27089,0.7511942675159236
27091,0.6913144449605202
27093,0.706748735985931
27095,0.6970916045637406
27097,0.7727900552486188
27099,0.5440663637324316
27101,0.7036803364879075
27103,0.4929213599255967
27105,0.6709857108258658
27107,0.5975646879756469
27109,0.4359838274932615
27111,0.6631337412587412
27113,0.6461078657791061
27115,0.6680493007821758
27117,0.7326014913007457
27119,0.6604276337167739
27121,0.6503963287442637
27123,0.2720426688251618
27125,0.6753554502369669
27127,0.7103265453669116
27129,0.69758766476001
27131,0.503362363576232
27133,0.6883044208170117
27135,0.7399245816639171
27137,0.422179496909442
27139,0.5326704229116095
27141,0.6661993526835939
27143,0.7065319548872181
27145,0.6244948530007758
27147,0.6123312028449228
27149,0.6272940257711831
27151,0.6625669510017853
27153,0.7600936220011703
27155,0.6468628539700166
27157,0.6322231288480084
27159,0.751246261216351
27161,0.6534118328346684
27163,0.4460688739681053
27165,0.6287169042769858
27167,0.6850134609632067
27169,0.5154215215901302
27171,0.637803790412486
27173,0.6933778519755147
28001,0.425972501676727
28003,0.8375463208046585
28005,0.6579603815113719
28007,0.6131377385434247
28009,0.6533505154639175
28011,0.3778629611883086
28013,0.7363274776267815
28015,0.7181363111282248
28017,0.5638650815593033
28019,0.7406169665809769
28021,0.1575826037842417
28023,0.6726984546295073
28025,0.4435243458098708
28027,0.2957290132547864
28029,0.5258465495070724
28031,0.6623405936124591
28033,0.6077742090488354
28035,0.5824141080587367
28037,0.6962616822429907
28039,0.8905953564007589
28041,0.8454593733404142
28043,0.5786401802170796
28045,0.7879102715466352
28047,0.6387655914545
28049,0.2627663250028791
28051,0.1846953937592867
28053,0.2854671280276816
28055,0.4758842443729904
28057,0.8966199039638452
28059,0.6940660179355085
28061,0.5219264892268695
28063,0.1639890876023037
28065,0.428040163629602
28067,0.7301387137452712
28069,0.4138521781693587
28071,0.6001965056174975
28073,0.7374605090341131
28075,0.6015616448352611
28077,0.6794977697009748
28079,0.6137231503579952
28081,0.6887486558379082
28083,0.3029402398896083
28085,0.7234527275028477
28087,0.5357815442561206
28089,0.5803805420929815
28091,0.70378977475867
28093,0.5324033905092438
28095,0.6758976912066712
28097,0.6008137432188065
28099,0.7507595985636681
28101,0.7123243591118739
28103,0.2587098224320072
28105,0.4931028751869702
28107,0.568714464013313
28109,0.8284220339670058
28111,0.798880664379852
28113,0.5129480142072974
28115,0.8345180551606483
28117,0.826606299971101
28119,0.3369443406798655
28121,0.7304457648038118
28123,0.6165200687493682
28125,0.312004530011325
28127,0.6807283216152875
28129,0.8006774361646691
28131,0.7846950372521783
28133,0.3193245302183849
28135,0.4654828411811652
28137,0.7141746364979396
28139,0.8324470858096131
28141,0.891049723756906
28143,0.2994752623688156
28145,0.8462093284180157
28147,0.6301118088528105
28149,0.5140999016285933
28151,0.3197386519944979
28153,0.659392477245312
28155,0.8233562315996075
28157,0.3667690208120095
28159,0.5870706106870229
28161,0.5985028921401837
28163,0.5080815962545981
29001,0.6616181356263435
29003,0.7522851919561243
29005,0.7932178400294877
29007,0.7319136800076053
29009,0.8129950495049505
29011,0.8578317259727303
29013,0.8035971223021583
29015,0.7917169653635435
29017,0.8708001947735757
29019,0.4409188912845362
29021,0.6325656882222906
29023,0.8146592754353548
29025,0.8018286200297682
29027,0.709003590245722
29029,0.7670659151401283
29031,0.7267701309004363
29033,0.818904593639576
29035,0.8693221523410203
29037,0.6538675476595817
29039,0.8437456518714346
29041,0.7776418786692759
29043,0.7559385463856608
29045,0.8037803780378038
29047,0.5204247172524085
29049,0.7334342714641966
29051,0.6650219298245614
29053,0.7237631608739953
29055,0.8072767568565888
29057,0.8315412186379928
29059,0.8183649289099526
29061,0.8114649681528663
29063,0.8070211882010802
29065,0.8465437139236942
29067,0.856358896968034
29069,0.8054919908466819
29071,0.7235907238431853
29073,0.7966483241620811
29075,0.8052855407047388
29077,0.5971862298954389
29079,0.8140909090909091
29081,0.8564369310793238
29083,0.7579582875960483
29085,0.80234375
29087,0.842687074829932
29089,0.7132189707366297
29091,0.8296683014290988
29093,0.8067301306176666
29095,0.3953705044349737
29097,0.7270630255227324
29099,0.6773244360240429
29101,0.6908566826332075
29103,0.8171270718232044
29105,0.8289412040290466
29107,0.7376478775226165
29109,0.814519194222729
29111,0.7950490633363069
29113,0.7739425441190202
29115,0.7806122448979592
29117,0.785184107116868
29119,0.8399014778325123
29121,0.8037764735902015
29123,0.8206153311315835
29125,0.8330547430004179
29127,0.7598874353513843
29129,0.8621651785714286
29131,0.8321930970866324
29133,0.7651157563497415
29135,0.8080571978550805
29137,0.7943327239488117
29139,0.7965310206804537
29141,0.7936915647796158
29143,0.7639113199236529
29145,0.7881924148127772
29147,0.7135922330097088
29149,0.8421509106678231
29151,0.8617475728155339
29153,0.8462021343377275
29155,0.7432637571157495
29157,0.812989921612542
29159,0.7367166392964983
29161,0.7078884627345289
29163,0.7861707566462167
29165,0.5084361534601208
29167,0.802364544477461
29169,0.7448697330331296
29171,0.8491596638655462
29173,0.7919335295135884
29175,0.7548299319727891
29177,0.7376093294460642
29179,0.8374223094537128
29181,0.8618194348725017
29183,0.5776900890060694
29185,0.7984760376980148
29186,0.7192838874680307
29187,0.7521143496190675
29189,0.374200765990652
29195,0.6964630225080386
29197,0.8164524421593831
29199,0.8013555787278415
29201,0.791480078080147
29203,0.8382756042860703
29205,0.8249540159411404
29207,0.866460769174204
29209,0.8031063696266081
29211,0.8262281770198945
29213,0.7920629592331506
29215,0.8550976138828633
29217,0.7926000222890895
29219,0.7422613715536976
29221,0.8230581338544211
29223,0.8602702240465195
29225,0.8069466882067852
29227,0.8180995475113122
29229,0.8743595455558031
29510,0.166623593666546
30001,0.7003797031411805
30003,0.4894854586129754
30005,0.5054653858893673
30007,0.7837837837837838
30009,0.6467041249828697
30011,0.8899297423887588
30013,0.5965197030572333
30015,0.6424676209952284
30017,0.7258927031223047
30019,0.8180862250262881
30021,0.7820181112548512
30023,0.4782340862422998
30025,0.8646317186463172
30027,0.739719904648391
30029,0.6555273994298385
30031,0.4677597035638153
30033,0.945
30035,0.3818432453721938
30037,0.8543689320388349
30039,0.7063419117647058
30041,0.5689300411522634
30043,0.6686768785429984
30045,0.7767923133776792
30047,0.5842696629213483
30049,0.5111248601956072
30051,0.7611336032388664
30053,0.7557044702688948
30055,0.8604436229205176
30057,0.7142857142857143
30059,0.757679180887372
30061,0.723261560183551
30063,0.3752215794319322
30065,0.8466135458167331
30067,0.5230007681147051
30069,0.8765432098765432
30071,0.8008222932846049
30073,0.6914446002805049
30075,0.8707052441229657
30077,0.7513711151736746
30079,0.7936046511627907
30081,0.6894395398608881
30083,0.8263326426822377
30085,0.525038323965253
30087,0.6677497969130788
30089,0.762176230016111
30091,0.6908995815899581
30093,0.4449687259958301
30095,0.7956315611242804
30097,0.751364972700546
30099,0.7099215246636771
30101,0.7678396871945259
30103,0.830316742081448
30105,0.7401323853885756
30107,0.7762430939226519
30109,0.847985347985348
30111,0.619970266982836
31001,0.7015455304928989
31003,0.8796054540179866
31005,0.9361702127659576
31007,0.9015544041450776
31009,0.8591065292096219
31011,0.8244803695150116
31013,0.7761103224498074
31015,0.8725581395348837
31017,0.8696711327649208
31019,0.7182120459615303
31021,0.7199124726477024
31023,0.7939829954218444
31025,0.6781973976515392
31027,0.8430374592833876
31029,0.8831725616291533
31031,0.8755294884327143
31033,0.8150110375275939
31035,0.808761329305136
31037,0.7497155858930603
31039,0.7955005624296962
31041,0.8566089024804621
31043,0.6428104575163399
31045,0.7269906928645294
31047,0.7433753385938052
31049,0.8330039525691699
31051,0.7844559585492228
31053,0.6565103691540474
31055,0.4422738594675259
31057,0.8923573735199138
31059,0.76833720544308
31061,0.844375
31063,0.8602836879432624
31065,0.8466639038541235
31067,0.6891718578233785
31069,0.8495971351835273
31071,0.8798029556650246
31073,0.8112701252236136
31075,0.9590163934426228
31077,0.8340080971659919
31079,0.6825995439396597
31081,0.7961060032449973
31083,0.8357380688124306
31085,0.9554655870445344
31087,0.8855547801814375
31089,0.8651231165012863
31091,0.8641686182669789
31093,0.8078873239436619
31095,0.7199118700082622
31097,0.6951672862453532
31099,0.7846836847946725
31101,0.8135270302452965
31103,0.9191176470588236
31105,0.827906976744186
31107,0.8099639314697926
31109,0.4708087773499204
31111,0.7698007774538387
31113,0.9295454545454546
31115,0.8271028037383178
31117,0.9434628975265018
31119,0.7740599107711919
31121,0.8178258866881621
31123,0.8351195383347073
31125,0.7958628198149156
31127,0.7147454651843184
31129,0.8131089459698848
31131,0.6893144669431569
31133,0.7868020304568528
31135,0.8583450210378681
31137,0.8374622356495468
31139,0.8775981524249422
31141,0.7872014305786179
31143,0.8144732174529975
31145,0.8373097877136952
31147,0.7513952308472857
31149,0.8932853717026379
31151,0.6603006189213085
31153,0.55161562515511
31155,0.7264283081459639
31157,0.7335771276595745
31159,0.7259364111498258
31161,0.8462157809983897
31163,0.7966804979253111
31165,0.8805309734513275
31167,0.8276762402088773
31169,0.7987377279102384
31171,0.8854961832061069
31173,0.5299105040037683
31175,0.8142670726402784
31177,0.7058589079314468
31179,0.7392585317947459
31181,0.8218944980147476
31183,0.8724279835390947
31185,0.7494272623138603
32001,0.7377619788195215
32003,0.4781235484468442
32005,0.653532455844302
32007,0.7724015134653907
32009,0.8156182212581344
32011,0.8783783783783784
32013,0.7647571606475716
32015,0.8
32017,0.8527508090614887
32019,0.7113979905190663
32021,0.6657952069716776
32023,0.7017816794458643
32027,0.7642980935875217
32029,0.6855284552845529
32031,0.4832255226857364
32033,0.7731555964146173
32510,0.5430990086262392
33001,0.5614056720098644
33003,0.5045799756507624
33005,0.4456194690265487
33007,0.5647707486941381
33009,0.3940614715033361
33011,0.4804959825754392
33013,0.4689375506893755
33015,0.5077618606677924
33017,0.4345086016010901
33019,0.4975489219241959
34001,0.507224932374633
34003,0.4728967036030992
34005,0.4101522665667245
34007,0.355398171319355
34009,0.5891914675267556
34011,0.5131072738659748
34013,0.2678345138421172
34015,0.5061256719409603
34017,0.3456728710404402
34019,0.5238307074451652
34021,0.3201690451399522
34023,0.4448652334283531
34025,0.5481405997062277
34027,0.5038852550005972
34029,0.6740089281741736
34031,0.497881805224716
34033,0.5880132898938744
34035,0.4176774964489437
34037,0.6158999870020915
34039,0.3701211808903221
34041,0.594713216957606
35001,0.3820630284000978
35003,0.7433177768349597
35005,0.715945945945946
35006,0.4802272474100479
35007,0.5594357474625838
35009,0.7038034552979044
35011,0.7425629290617849
35013,0.4401746929408596
35015,0.7728783231083844
35017,0.4625984251968504
35019,0.4876160990712074
35021,0.6890951276102089
35023,0.6122448979591837
35025,0.8014050638879721
35027,0.6829316281357599
35028,0.3320751620579306
35029,0.5831678252234359
35031,0.3620056442571616
35033,0.4061117812625653
35035,0.6235871627753485
35037,0.6938444924406048
35039,0.3920195134154731
35041,0.7059798162373851
35043,0.4602087000251446
35045,0.647394475305143
35047,0.3499279798343536
35049,0.2443531336972491
35051,0.5834033260540904
35053,0.504769805060141
35055,0.2487977879297908
35057,0.6797604123136927
35059,0.7489489489489489
35061,0.5726778255251375
36001,0.3707806373131995
36003,0.7160391527267077
36005,0.2728237791932059
36007,0.4978922195650965
36009,0.6640987944722141
36011,0.5649583494235119
36013,0.609895253740307
36015,0.5840034194427377
36017,0.6361087624048773
36019,0.5107627711686494
36021,0.4264987065571927
36023,0.5321876704855428
36025,0.5988447841570399
36027,0.4729330838362807
36029,0.4516160335226333
36031,0.4974950422711616
36033,0.545074780814853
36035,0.6792871187717023
36037,0.6697574390071922
36039,0.5848516190627735
36041,0.6473500291205592
36043,0.6822129975232846
36045,0.618042720445453
36047,0.2801195839703841
36049,0.7220721068478345
36051,0.6072167615106053
36053,0.565311701432222
36055,0.4046055276312251
36057,0.643639182249782
36059,0.5210129348473762
36061,0.1758846261326564
36063,0.5746210192330291
36065,0.6062516233441889
36067,0.4135975091491207
36069,0.5058669925177014
36071,0.5419061699079281
36073,0.7023023578363384
36075,0.6209028150506191
36077,0.5393290203980627
36079,0.5684303446287989
36081,0.3770112977447251
36083,0.4931837636867725
36085,0.6488789646372585
36087,0.5591040201307697
36089,0.5900202599649434
36091,0.4908606566815854
36093,0.4459056172254141
36095,0.6526612398246713
36097,0.6047815508304242
36099,0.5590099406231236
36101,0.6589289665855278
36103,0.5498689029328606
36105,0.5835408616001145
36107,0.6144228804902963
36109,0.2469065999782538
36111,0.4067153105396195
36113,0.5211034869065957
36115,0.6060648603116664
36117,0.6153533895629426
36119,0.3685947072791935
36121,0.7411375452969907
36123,0.5808172206876845
37001,0.5352023043944266
37003,0.7953454545454546
37005,0.7561728395061729
37007,0.5087945483009485
37009,0.7184160128498177
37011,0.7584495141529362
37013,0.6521624373138267
37015,0.4187568157033806
37017,0.5993549543092636
37019,0.6204366844262671
37021,0.3691153016230415
37023,0.7025561410797455
37025,0.5320146886997162
37027,0.7596833214425445
37029,0.7495232040686586
37031,0.7114437660035454
37033,0.6191268191268191
37035,0.6856994878287391
37037,0.4320127452109486
37039,0.782228983547442
37041,0.6089207487056949
37043,0.7474052932018682
37045,0.671563117708616
37047,0.6672988658346926
37049,0.5975048190190619
37051,0.4268949527376494
37053,0.7348695169350361
37055,0.5889707346207446
37057,0.7300276073949147
37059,0.7264080287597364
37061,0.6419261721483555
37063,0.1823252251802274
37065,0.3831503931847969
37067,0.4280530383272528
37069,0.5629026948219913
37071,0.6206171874343261
37073,0.6037542662116041
37075,0.8142168169427553
37077,0.5424728498314817
37079,0.5881307746979388
37081,0.3839198349958115
37083,0.4084718857047372
37085,0.6201550387596899
37087,0.6201092142932881
37089,0.5670701066747067
37091,0.3626642224259089
37093,0.4641348354162999
37095,0.6061232933388498
37097,0.65847503617945
37099,0.539517014270033
37101,0.6021067867481505
37103,0.6245877610846464
37105,0.5828306728430033
37107,0.530274895321318
37109,0.7248931142099472
37111,0.7423728813559322
37113,0.6857548292593609
37115,0.6102057370400413
37117,0.5488027934818757
37119,0.327308477388923
37121,0.7757623852170956
37123,0.6857749469214437
37125,0.6432375385614548
37127,0.5047551753112826
37129,0.4915185579016659
37131,0.4245949766228117
37133,0.6745544700279837
37135,0.237984123716057
37137,0.6568270317799272
37139,0.5196528086008778
37141,0.6705461286917115
37143,0.6908376963350785
37145,0.6142408948301732
37147,0.4648083383185311
37149,0.6220841006752609
37151,0.7826505452196042
37153,0.6011185006045949
37155,0.6351522162949632
37157,0.6758061908995393
37159,0.6753017172630124
37161,0.7357225433526011
37163,0.6460302793375506
37165,0.5315130363375077
37167,0.7508117104581048
37169,0.7943377446824197
37171,0.7632802479692176
37173,0.6127060830017055
37175,0.555008210180624
37177,0.603310502283105
37179,0.6212133213321333
37181,0.4294331721421806
37183,0.3637622234924615
37185,0.3981972959439159
37187,0.466071729247348
37189,0.4631687617659561
37191,0.5776794043938757
37193,0.7950331125827814
37195,0.4940217119415678
37197,0.8079720829647105
37199,0.6676447052547346
38001,0.8077246011754828
38003,0.6669814884775217
38005,0.5832497492477432
38007,0.843167701863354
38009,0.7679719462302746
38011,0.8590937306021105
38013,0.8648905803996194
38015,0.7069585039795997
38017,0.5328576834887915
38019,0.7389984825493171
38021,0.751129363449692
38023,0.7654941373534339
38025,0.841326759300762
38027,0.7177352206494588
38029,0.8824752990119604
38031,0.7836879432624113
38033,0.8607723577235772
38035,0.5829393032905529
38037,0.8251533742331288
38039,0.7494163424124514
38041,0.8415765069551777
38043,0.8173975557153127
38045,0.7652916073968705
38047,0.8709990300678953
38049,0.8127970749542962
38051,0.8196958725561188
38053,0.8438810869961699
38055,0.7838088180807706
38057,0.83841059602649
38059,0.7594345202886549
38061,0.7086206896551724
38063,0.6501424501424501
38065,0.8385608856088561
38067,0.7610103626943006
38069,0.7636828644501279
38071,0.6935049961568025
38073,0.631079027355623
38075,0.8254364089775561
38077,0.6800829369435297
38079,0.3514778325123153
38081,0.6546442687747036
38083,0.8552456839309429
38085,0.3
38087,0.9069767441860463
38089,0.8206033162415929
38091,0.618905472636816
38093,0.713292961381912
38095,0.7171171171171171
38097,0.6495098039215687
38099,0.7149910233393177
38101,0.7284826661018146
38103,0.8095450490633364
38105,0.8328447701532312
39001,0.8262128892107169
39003,0.7161407217273139
39005,0.7449928737529068
39007,0.6377052204390334
39009,0.4419264557257249
39011,0.8191078328064629
39013,0.7333720030935809
39015,0.804822311351553
39017,0.6270052745956689
39019,0.769575915472572
39021,0.7491694352159468
39023,0.6430015118962362
39025,0.6744424484073084
39027,0.7692381731555897
39029,0.7411022769845564
39031,0.756872589236515
39033,0.7609307840521713
39035,0.3388911076768133
39037,0.8234814814814815
39039,0.6945126089907586
39041,0.528266232743688
39043,0.5660467574301029
39045,0.6158756854709763
39047,0.7720945032217007
39049,0.3528358408782822
39051,0.7078656689827187
39053,0.7933846153846154
39055,0.616623546988303
39057,0.5931179260476946
39059,0.7567352506536319
39061,0.4206558585294067
39063,0.6867174526188154
39065,0.7687117040254402
39067,0.7714165142776762
39069,0.7291932130641808
39071,0.8141012810248198
39073,0.7175476314033657
39075,0.8418321848398865
39077,0.7160076436866089
39079,0.7874693734686734
39081,0.7139840675688646
39083,0.7202243689622936
39085,0.5673474151009452
39087,0.7492138364779874
39089,0.6455784102267347
39091,0.7769089432978677
39093,0.5240156266710284
39095,0.4324786773389319
39097,0.7130346429262628
39099,0.543575498322654
39101,0.7025772253701335
39103,0.61960249306185
39105,0.7814423076923077
39107,0.8298947368421052
39109,0.7211876436393132
39111,0.7942302031204004
39113,0.4929666489998626
39115,0.7620171040990859
39117,0.7748077433041634
39119,0.7157169374729829
39121,0.819672131147541
39123,0.620804808816163
39125,0.7765200517464425
39127,0.7687599317285622
39129,0.7380700256191289
39131,0.7654280569651334
39133,0.5732198458782655
39135,0.7918533228651919
39137,0.8391211906449326
39139,0.7076664724630728
39141,0.6924081384755542
39143,0.6499175445091374
39145,0.7369703967413964
39147,0.6824875306784894
39149,0.8201518506801645
39151,0.6053388937759967
39153,0.4605121190287221
39155,0.580050562612678
39157,0.7125223738348172
39159,0.6431559751126368
39161,0.7886482449589246
39163,0.7897856022311313
39165,0.6528407584907553
39167,0.7148709677419355
39169,0.6918328942416259
39171,0.7366203349020466
39173,0.5458003404129357
39175,0.751953639476688
40001,0.8076074972436604
40003,0.875462962962963
40005,0.8534086895090074
40007,0.9124293785310734
40009,0.8431883302943475
40011,0.8066561014263075
40013,0.7859308331461936
40015,0.7251474304970514
40017,0.6917781974436872
40019,0.766882183908046
40021,0.6529203837737755
40023,0.8215995743926228
40025,0.9197860962566844
40027,0.5635237312857311
40029,0.8490937746256895
40031,0.6073678683934197
40033,0.8248204309656824
40035,0.7826948480845443
40037,0.76960909555442
40039,0.7565892997639654
40041,0.7956151977026729
40043,0.8957110609480813
40045,0.8747240618101545
40047,0.7596136238784106
40049,0.8245837503411882
40051,0.8059961238777044
40053,0.8442352941176471
40055,0.8229847494553377
40057,0.8038548752834467
40059,0.8849069607167471
40061,0.8419773095623987
40063,0.8036059240180297
40065,0.7816962622625109
40067,0.8505263157894737
40069,0.8184397163120567
40071,0.7380713060959025
40073,0.8506070476754516
40075,0.7837095790115924
40077,0.8227506741848493
40079,0.8175855817425616
40081,0.8079534432589719
40083,0.7349372644830013
40085,0.823943661971831
40087,0.7947375800345843
40089,0.8387125298434875
40091,0.7568432278706008
40093,0.8875790684301322
40095,0.8116557899529518
40097,0.7778289397950962
40099,0.7967714528462192
40101,0.6794761259596831
40103,0.777284647972564
40105,0.8274501205875905
40107,0.7723169508525577
40109,0.497080537028897
40111,0.7038818036100076
40113,0.6982741904207873
40115,0.7595276435856146
40117,0.7856104651162791
40119,0.6134772362444073
40121,0.7876735715911678
40123,0.7227494398312904
40125,0.726871481198304
40127,0.8560187154402382
40129,0.8932487016733988
40131,0.7663212656176709
40133,0.7398060666335157
40135,0.8015786433934415
40137,0.8105263157894737
40139,0.8296196696119862
40141,0.7919463087248322
40143,0.5652742479732543
40145,0.7399028596659827
40147,0.7265038405109174
40149,0.8662940670679278
40151,0.8122594832325454
40153,0.8521608315098468
41001,0.7333823374986874
41003,0.2845994811091292
41005,0.4363550785239102
41007,0.427552307625386
41009,0.5526468128899467
41011,0.5854234203492009
41013,0.7427636546690158
41015,0.5666286203452704
41017,0.4355440829296584
41019,0.6758015669234314
41021,0.7123893805309734
41023,0.7878308075096132
41025,0.7818784007570381
41027,0.3053882725832013
41029,0.5189454953321471
41031,0.6382905689522012
41033,0.6326332928010552
41035,0.6976276182647884
41037,0.8152542372881356
41039,0.3686763787418844
41041,0.3924707626975835
41043,0.6062883521927602
41045,0.7071149189793258
41047,0.4949721316107158
41049,0.7249094395908801
41051,0.1719350558419874
41053,0.5038809144072302
41055,0.7706502636203867
41057,0.4924984500929944
41059,0.6749156720290607
41061,0.6872737399053188
41063,0.6623376623376623
41065,0.5122487675388699
41067,0.3132715107884408
41069,0.7137891077636153
41071,0.5143395436466401
42001,0.6636108821104699
42003,0.3936064199504791
42005,0.7623050189929685
42007,0.599274590639267
42009,0.8401278409090909
42011,0.5560337021893079
42013,0.7136676469229704
42015,0.7353488073865093
42017,0.4955314840858992
42019,0.6568922924901186
42021,0.6945569050832209
42023,0.7453808021631365
42025,0.6698121203559825
42027,0.4806045152985444
42029,0.4225052621213426
42031,0.7619723306136928
42033,0.75392035617116
42035,0.6999784040600368
42037,0.6504788801571709
42039,0.6924099645456242
42041,0.5408973287689696
42043,0.4646282251916054
42045,0.3760863205879843
42047,0.7312423482772693
42049,0.5004978378574803
42051,0.6874369800857071
42053,0.7177358490566038
42055,0.7105526679700539
42057,0.860829154946802
42059,0.7147249941981898
42061,0.761228191397478
42063,0.6918231547041133
42065,0.7884041679277098
42067,0.8031229345670853
42069,0.482554249935672
42071,0.5747864355918785
42073,0.6654001273614943
42075,0.6551864517179612
42077,0.4805173594647279
42079,0.592020493115594
42081,0.7030409650665996
42083,0.7316837719743928
42085,0.6464817668207499
42087,0.7785782248198995
42089,0.4989885998246127
42091,0.3807040041773372
42093,0.5999192571659265
42095,0.5039811463681508
42097,0.6948210100638758
42099,0.741418853255588
42101,0.2000316034159411
42103,0.6162231759656652
42105,0.8072647220693451
42107,0.7059603191954525
42109,0.7318095618325182
42111,0.7825884885399085
42113,0.7312550389680194
42115,0.7192465631137297
42117,0.7537870014360495
42119,0.6120917500471965
42121,0.7063818644321412
42123,0.692226029049848
42125,0.6243288356068641
42127,0.6816668930851787
42129,0.638486639867581
42131,0.6791124103109222
42133,0.621499939809799
44001,0.3573638723903688
44003,0.480593213021328
44005,0.3613835712191932
44007,0.4168984662338095
44009,0.4135608025835142
45001,0.7062583001328021
45003,0.622504094504652
45005,0.2689381409196162
45007,0.7307316676161797
45009,0.4172813487881981
45011,0.5717637457921044
45013,0.5662959876631898
45015,0.5740911427406633
45017,0.5653272681324235
45019,0.4627285906741065
45021,0.7527275655219614
45023,0.5804834147595783
45025,0.6352020009787396
45027,0.555453431372549
45029,0.5852484132195229
45031,0.5610431571659359
45033,0.550206559312031
45035,0.5637441489635306
45037,0.6532078453911919
45039,0.4272848863129737
45041,0.533447824664704
45043,0.591354558457382
45045,0.6020940618876179
45047,0.6382737632737633
45049,0.4616786104700595
45051,0.688109966303155
45053,0.5431502715751357
45055,0.6348671457966779
45057,0.6177632425083139
45059,0.6987058550954887
45061,0.3811292719167904
45063,0.6600614010605638
45065,0.5793921664228832
45067,0.441141320585599
45069,0.4822695035460992
45071,0.6656186220971924
45073,0.751750899110354
45075,0.3719231809575331
45077,0.7564473705976742
45079,0.3180674411082665
45081,0.7157754603949412
45083,0.6621721498486475
45085,0.4696701350453841
45087,0.6592887948571894
45089,0.3854849965108164
45091,0.5880287087079082
46003,0.7580760947595119
46005,0.6884450784593438
46007,0.6213235294117647
46009,0.7473262032085561
46011,0.5740009371443872
46013,0.6245966085783019
46015,0.6991333058192324
46017,0.351931330472103
46019,0.7918142463597009
46021,0.8444976076555024
46023,0.7056708160442601
46025,0.750271444082519
46027,0.4550114901891462
46029,0.6920059215396003
46031,0.5520559930008749
46033,0.718713547742043
46035,0.6764737931785987
46037,0.6398362892223738
46039,0.747171453437772
46041,0.4238375200427579
46043,0.8558504221954162
46045,0.7966518956179222
46047,0.7335049134300421
46049,0.8141592920353983
46051,0.7146005509641873
46053,0.7895897662108513
46055,0.8924444444444445
46057,0.7935523868567886
46059,0.780045351473923
46061,0.7873900293255132
46063,0.9195121951219511
46065,0.6377000592768227
46067,0.7810492505353319
46069,0.762589928057554
46071,0.66696191319752
46073,0.7087087087087087
46075,0.8672727272727273
46077,0.7101035344519815
46079,0.6466305452082628
46081,0.6427412551106496
46083,0.6215755777209903
46085,0.686247408431237
46087,0.7347410095677994
46089,0.8367975365665897
46091,0.6107159791370318
46093,0.742025627044711
46095,0.5864864864864865
46097,0.7206512425021423
46099,0.5515927904155938
46101,0.6484791470680464
46102,0.1325930764206401
46103,0.6187522092612231
46105,0.8434946574481458
46107,0.8158705701078582
46109,0.6059291395516992
46111,0.7665016501650165
46115,0.6833386428798981
46117,0.7262247838616714
46119,0.7946725860155383
46121,0.2337723424270931
46123,0.8100979653353428
46125,0.743499338915822
46127,0.694006309148265
46129,0.786699107866991
46135,0.6139217134416544
46137,0.4967989756722151
47001,0.6725949436357667
47003,0.7850671976107516
47005,0.8107438016528926
47007,0.8486512679696333
47009,0.732390500404484
47011,0.7886122730780165
47013,0.8446032972694487
47015,0.8257520709199244
47017,0.8034842619087695
47019,0.8114839851923387
47021,0.7225784677691529
47023,0.8190576745413752
47025,0.8469779813802276
47027,0.8289893617021277
47029,0.8366851816382558
47031,0.7690518209529922
47033,0.7893936834994089
47035,0.7909185381906356
47037,0.3525631300941952
47039,0.8408342480790341
47041,0.8087484035759898
47043,0.7539279479447707
47045,0.8060997637904682
47047,0.7071235651586766
47049,0.8755500972264866
47051,0.7611516626115167
47053,0.7550813008130082
47055,0.7706680507155038
47057,0.8652291105121294
47059,0.8228332529345554
47061,0.8429203539823009
47063,0.7903219481588958
47065,0.5571893738749585
47067,0.8796423658872077
47069,0.6163421640600064
47071,0.8510831817430131
47073,0.8400974644026498
47075,0.4939867708959711
47077,0.8369718602141613
47079,0.7713584505173786
47081,0.8017266466194587
47083,0.784514435695538
47085,0.7744433688286544
47087,0.8079633544749824
47089,0.8161146620182065
47091,0.8428783016539126
47093,0.5896179641582231
47095,0.7699845281072718
47097,0.6814662472780063
47099,0.8410894383863206
47101,0.8237691001697793
47103,0.8189484126984127
47105,0.7596133578246861
47107,0.8172565636424061
47109,0.8375787698588799
47111,0.8669311913287525
47113,0.5851516364728255
47115,0.7742768965764731
47117,0.7784738754542038
47119,0.7175273564983682
47121,0.8337432365961633
47123,0.8299063745912287
47125,0.5846125619228182
47127,0.8374384236453202
47129,0.8676401869158878
47131,0.8213953488372093
47133,0.8168759598879755
47135,0.8447255113024758
47137,0.8263371699390657
47139,0.8367136473014781
47141,0.7313889922436246
47143,0.82899473829964
47145,0.7664891288486794
47147,0.7487881380096949
47149,0.6014723411171913
47151,0.8961998958875586
47153,0.8266159695817491
47155,0.800705026154196
47157,0.3642208044790611
47159,0.8199443016281063
47161,0.81404833836858
47163,0.7698336002965277
47165,0.7034195640388294
47167,0.7594733101410241
47169,0.7901670195248177
47171,0.8050579557428873
47173,0.8517706771253893
47175,0.8324655436447167
47177,0.7753158977372906
47179,0.6907763660711369
47181,0.8806909676474893
47183,0.7869941764969389
47185,0.8287835434227825
47187,0.6536483534713966
47189,0.6944273512688606
48001,0.805921562548442
48003,0.8590526489519723
48005,0.7568203608472065
48007,0.7744857230580289
48009,0.8947778643803586
48011,0.927862939585212
48013,0.7126125149116148
48015,0.8100006502373366
48017,0.8017241379310345
48019,0.8048116539140671
48021,0.5856288328139138
48023,0.8808383233532934
48025,0.695300944362271
48027,0.5756949072052819
48029,0.4455763140768823
48031,0.7568678093449166
48033,0.9560723514211886
48035,0.8326193710166127
48037,0.7404515547790003
48039,0.591954306884841
48041,0.6170152536283167
48043,0.5561625874125874
48045,0.8951612903225806
48047,0.448376353039134
48049,0.8658992464249688
48051,0.810464495461826
48053,0.7743276370483533
48055,0.5661099069233712
48057,0.7582992849846782
48059,0.8847530422333572
48061,0.5252320834983897
48063,0.7651659671880962
48065,0.903530895334174
48067,0.826944837340877
48069,0.7887184562097971
48071,0.8236354170838173
48073,0.8093356745683348
48075,0.8763204225352113
48077,0.8953606501862512
48079,0.8230683090705487
48081,0.8947078280044102
48083,0.89338146811071
48085,0.5426085133558632
48087,0.88759367194005
48089,0.7828697218330999
48091,0.722524525201759
48093,0.8678178484107579
48095,0.8664440734557596
48097,0.8308046202036022
48099,0.6979214587428381
48101,0.8599695585996956
48103,0.8615717375630858
48105,0.7671136203246295
48107,0.7531914893617021
48109,0.5774647887323944
48111,0.8880442294402211
48113,0.3799632015152872
48115,0.8003417829678154
48117,0.7543163789080728
48119,0.8465011286681715
48121,0.5582901929672475
48123,0.8326942740286298
48125,0.8499496475327291
48127,0.4823460752845054
48129,0.883177570093458
48131,0.5467383994620041
48133,0.8844912112878154
48135,0.7609761820955063
48137,0.8646766169154229
48139,0.6509825601849525
48141,0.4182025770673626
48143,0.8364577656675749
48145,0.7202039515615042
48147,0.8329569728410131
48149,0.8028063330081788
48151,0.8130125751776928
48153,0.8209669698420297
48155,0.8220183486238533
48157,0.479193063526372
48159,0.8423728813559322
48161,0.8291873963515755
48163,0.6203121832556254
48165,0.9102244389027432
48167,0.6310520785488225
48169,0.8592870544090057
48171,0.8009950248756219
48173,0.9396681749622926
48175,0.7976907630522089
48177,0.771244358478401
48179,0.8827176781002638
48181,0.7673020883924235
48183,0.7072100044968843
48185,0.7973367514063946
48187,0.642690106584251
48189,0.7849752101746066
48191,0.8633594429939078
48193,0.8532706093189965
48195,0.9214607303651826
48197,0.8612099644128114
48199,0.8769044997691515
48201,0.4643644261104793
48203,0.749619532852511
48205,0.914186507936508
48207,0.8539626001780944
48209,0.4649449430335434
48211,0.8759305210918115
48213,0.8144466362126246
48215,0.5099588386419515
48217,0.8183559839549781
48219,0.8283460623513209
48221,0.8258251683179156
48223,0.8200083467477494
48225,0.7740867336039308
48227,0.8108921161825726
48229,0.7312138728323699
48231,0.7737618568400317
48233,0.8825385268778061
48235,0.8767281105990783
48237,0.909069269221614
48239,0.8510033180597251
48241,0.8309868047225204
48243,0.5979469632164243
48245,0.5401057121661721
48247,0.4574132492113564
48249,0.5755200482363582
48251,0.7528968534285112
48253,0.8620788943276706
48255,0.7883743842364532
48257,0.6352247498774616
48259,0.773783922171019
48261,0.7278481012658228
48263,0.8764044943820225
48265,0.7676871714732206
48267,0.8850957535387177
48269,0.9555555555555556
48271,0.7491190979563073
48273,0.5606393606393606
48275,0.8401162790697675
48277,0.8025993595780749
48279,0.8185979282100698
48281,0.7932896600566572
48283,0.6004237288135593
48285,0.8787907686439062
48287,0.7992392725543801
48289,0.8810154525386313
48291,0.8060097074977647
48293,0.7807917080163194
48295,0.8935663224781573
48297,0.8458366064414768
48299,0.800323006900602
48301,0.8865979381443299
48303,0.6925311269724418
48305,0.8472925594078691
48307,0.8633646456020495
48309,0.6493717961604182
48311,0.919917864476386
48313,0.8194570960102022
48315,0.7588035638523547
48317,0.8761401824291887
48319,0.8218527315914489
48321,0.7481965734896303
48323,0.5897859366067458
48325,0.7099764208472233
48327,0.8286814244465832
48329,0.7983673469387755
48331,0.7834670512936086
48333,0.8821597956950018
48335,0.8531635495423796
48337,0.8853744255204109
48339,0.722694328859716
48341,0.8318716178391491
48343,0.7531750414135836
48345,0.9415384615384615
48347,0.6900274833137024
48349,0.7556104695143476
48351,0.8316228909375544
48353,0.79155260070395
48355,0.5525761836630652
48357,0.905252659574468
48359,0.9188911704312116
48361,0.8310669456066946
48363,0.8319957998949974
48365,0.830637404913876
48367,0.8278231757009757
48369,0.8478434504792333
48371,0.7186392629340893
48373,0.7912703314803377
48375,0.7169299803683276
48377,0.3440320962888666
48379,0.8619163869392737
48381,0.7974691117958537
48383,0.8429926238145417
48385,0.8299284984678243
48387,0.8077984817115252
48389,0.6804303576621111
48391,0.6946614583333334
48393,0.9596491228070176
48395,0.7575423105224429
48397,0.6994586432346468
48399,0.8826429980276134
48401,0.7941203575707309
48403,0.8908797706504211
48405,0.7784894582332532
48407,0.8228946751114239
48409,0.6779680900985453
48411,0.8923418423973363
48413,0.8176895306859205
48415,0.8645104895104895
48417,0.9061957151129124
48419,0.8206674708484117
48421,0.9369266055045872
48423,0.7211096662332033
48425,0.8501419110690633
48427,0.5778062001339911
48429,0.8955065142249402
48431,0.9268680445151032
48433,0.8435754189944135
48435,0.8335714285714285
48437,0.8123620309050773
48439,0.5185807361306948
48441,0.7438341819232297
48443,0.7753086419753087
48445,0.8233401579409184
48447,0.9144444444444444
48449,0.7700822884012539
48451,0.7350455565825961
48453,0.2943157241700199
48455,0.8321128288581503
48457,0.8651978698966274
48459,0.8519766623076149
48461,0.8818112049117421
48463,0.6635274849012182
48465,0.628481273151324
48467,0.8717021657419008
48469,0.709725020573796
48471,0.6958680969408025
48473,0.6199673261935016
48475,0.827577045696068
48477,0.7699912126537786
48479,0.5070088845014807
48481,0.7560782883539995
48483,0.9212147887323944
48485,0.7150594422095872
48487,0.7990141160654268
48489,0.5133920546467733
48491,0.5039865266109169
48493,0.7661899523285662
48495,0.8519668737060041
48497,0.8471095997907403
48499,0.8457815512079078
48501,0.8520685332218972
48503,0.8783247081477915
48505,0.6097310613836995
48507,0.4243986254295532
49001,0.8658156911581569
49003,0.7905150645127815
49005,0.6551163060983911
49007,0.7113816834303864
49009,0.8054545454545454
49011,0.6083955985873195
49013,0.8715289394446303
49015,0.8662941528636998
49017,0.7865528281750267
49019,0.4390566037735849
49021,0.773819773281676
49023,0.8700521632402578
49025,0.7304948729380294
49027,0.8704776820673453
49029,0.7843717626165458
49031,0.8868120456905504
49033,0.8369039391845197
49035,0.4348547180328641
49037,0.5709544879898862
49039,0.8230703855365835
49041,0.8718652754896576
49043,0.4167181944659143
49045,0.6909497469695186
49047,0.8590108015918135
49049,0.6829337056628091
49051,0.6262939958592133
49053,0.7523934884773197
49055,0.7498485766202302
49057,0.6030245409178964
50001,0.3054563314877657
50003,0.3745134293499416
50005,0.4202766654532217
50007,0.2171775322856698
50009,0.5542521994134897
50011,0.4703977101536607
50013,0.3811153613851419
50015,0.3052788507149149
50017,0.3811017335766423
50019,0.4935516888433982
50021,0.459994687601452
50023,0.2660448399794626
50025,0.2693833112994789
50027,0.3074254806279028
51001,0.5634041063929072
51003,0.3223404255319149
51005,0.7361362812613266
51007,0.7191235059760956
51009,0.6786106455527943
51011,0.7511926986102468
51013,0.1964989638678113
51015,0.7333061981321937
51017,0.7652982184353214
51019,0.7479244540625615
51021,0.8449830890642616
51023,0.7215091581784132
51025,0.4552856035151202
51027,0.8511847324970516
51029,0.6123815540113708
51031,0.7388919187706522
51033,0.5387752789894069
51035,0.8138613861386138
51036,0.4416033172080166
51037,0.6598401598401599
51041,0.4483383397701807
51043,0.5766714373338786
51045,0.8208907401473886
51047,0.6193744965502749
51049,0.6079110462996719
51051,0.8089967361998013
51053,0.6125473089999358
51057,0.5351253298153035
51059,0.3112577795193938
51061,0.6023081931876867
51063,0.6806233766233766
51065,0.5262621417436143
51067,0.7220173395445134
51069,0.6363758647194466
51071,0.7691141433831492
51073,0.6876322951315391
51075,0.5873266721044046
51077,0.807502467917078
51079,0.6173783020435288
51081,0.4506517690875233
51083,0.6019390271239632
51085,0.6234898135099265
51087,0.3481028775146422
51089,0.6610789753275882
51091,0.7161543492478745
51093,0.594155317769131
51095,0.4632358720427572
51097,0.6249700455307932
51099,0.6184090613201406
51101,0.6989014791108036
51103,0.53111691166369
51105,0.8581321725366047
51107,0.4036098646848489
51109,0.6267503220177005
51111,0.6113284572206158
51113,0.6719990520203816
51115,0.6925282509698094
51117,0.6019304069838928
51119,0.6331008427782622
51121,0.4742446596959394
51125,0.5330208777162335
51127,0.6553989488772097
51131,0.4658957845433255
51133,0.6018281535648995
51135,0.6082007879760689
51137,0.6186901604710747
51139,0.7662553932329119
51141,0.7987213858527531
51143,0.7129032258064516
51145,0.7158005853845785
51147,0.5074278438030561
51149,0.6018413275744487
51153,0.3963381680294915
51155,0.7197286602600339
51157,0.5841603811036126
51159,0.6481614996395098
51161,0.6066843931042983
51163,0.6640526976160602
51165,0.67995718490768
51167,0.8357116451016636
51169,0.8494166591299629
51171,0.7061115668580804
51173,0.7989597780859917
51175,0.6238429457837453
51177,0.5369465591031323
51179,0.4883125007518978
51181,0.4978550462858433
51183,0.4746524938675388
51185,0.841524826266492
51187,0.6825938566552902
51191,0.7634638922888617
51193,0.5673376807485114
51195,0.813960419647115
51197,0.7945462789040741
51199,0.5240768841679312
51510,0.201244035872199
51520,0.6948789945179837
51530,0.7132842621801613
51540,0.1471055228940479
51550,0.4749280352646812
51570,0.6579800917123364
51580,0.6634343434343435
51590,0.3902190524707081
51595,0.3415977961432507
51600,0.3199702491632577
51610,0.1806221429367822
51620,0.3808049535603715
51630,0.3319748054835124
51640,0.7162311372837689
51650,0.2935081108698429
51660,0.3633516961438098
51670,0.4261603375527426
51678,0.3597624869018512
51680,0.5331335966226338
51683,0.416328568753511
51685,0.3877995642701525
51690,0.380876634853305
51700,0.3488741091380291
51710,0.2846350548205925
51720,0.714546561168594
51730,0.1301521755754378
51735,0.7228315054835494
51740,0.2998642490061088
51750,0.4880916030534351
51760,0.1575783915741194
51770,0.3747388909988606
51775,0.5908883480377244
51790,0.4260433564371036
51800,0.4144549407707302
51810,0.480199323879352
51820,0.5217314174206138
51830,0.2699019233218698
51840,0.4442564709862967
53001,0.7047708138447147
53003,0.6146016146016146
53005,0.5958658088787057
53007,0.5338123314157497
53009,0.4470345112626576
53011,0.4512381957459196
53013,0.7015347334410339
53015,0.5859030837004405
53017,0.6215292609995728
53019,0.651123046875
53021,0.6013421972967012
53023,0.7244973938942666
53025,0.6744295655549086
53027,0.5162867314947659
53029,0.402630820931349
53031,0.2573661077649357
53033,0.224594591946965
53035,0.3789778886800562
53037,0.5566536166330913
53039,0.5306424188659717
53041,0.6499822663592836
53043,0.7418038553538765
53045,0.4966029258670758
53047,0.560459814716011
53049,0.4944279870221469
53051,0.6856537601506414
53053,0.4309605321913965
53055,0.223355746193678
53057,0.4405257957816057
53059,0.5415641235985781
53061,0.3885396326268218
53063,0.510033057503211
53065,0.7081331197722015
53067,0.3806107420693363
53069,0.5754995086799869
53071,0.5268784257651585
53073,0.3592032465731428
53075,0.4383471907281431
53077,0.5592206615314907
54001,0.7929632525410477
54003,0.6698513421981391
54005,0.7754851387865389
54007,0.751176359872012
54009,0.7141688816193008
54011,0.5991983967935872
54013,0.8143732970027248
54015,0.8015432098765433
54017,0.8596075778078485
54019,0.6984635083226632
54021,0.7773037542662116
54023,0.8888290229885057
54025,0.7013203520938917
54027,0.8060952380952381
54029,0.7261703760552571
54031,0.779441584776166
54033,0.6943549754195626
54035,0.7726563718608641
54037,0.5684250240087804
54039,0.5761905394808543
54041,0.7874574347332577
54043,0.8028384583275359
54045,0.8283198186415555
54047,0.7944700460829494
54049,0.6446780871965576
54051,0.741177359631225
54053,0.7805063051104579
54055,0.7790027137042063
54057,0.7940948543087415
54059,0.8627797408716137
54061,0.5086364952233909
54063,0.7992775247369248
54065,0.770473782565681
54067,0.7930656570688452
54069,0.6203114131307186
54071,0.7845255474452555
54073,0.7861409796893668
54075,0.7405793386311202
54077,0.7747123249688064
54079,0.7222888719235104
54081,0.7635471161919525
54083,0.7207176125582198
54085,0.8575308641975309
54087,0.7587393588118094
54089,0.7467705167173252
54091,0.7463179628355128
54093,0.7340484048404841
54095,0.8269283936964336
54097,0.7742164519728167
54099,0.7578586397409031
54101,0.8265510340226818
54103,0.7649156939040207
54105,0.8213870592793491
54107,0.7069922011095329
54109,0.8596166556510244
55001,0.6039835057963121
55003,0.4691592969886936
55005,0.6246872082166199
55007,0.4337736522670475
55009,0.5312298603651987
55011,0.6442961315041404
55013,0.6484685851762746
55015,0.5930614729153987
55017,0.6093489583333334
55019,0.6843617368592882
55021,0.516258645926011
55023,0.5628577719066491
55025,0.2342232211380331
55027,0.6575001988387815
55029,0.4832982388973966
55031,0.4662030598052851
55033,0.5735763807743243
55035,0.4401060266971414
55037,0.7460417986067132
55039,0.6378041685204833
55041,0.6637880274779195
55043,0.584207822704924
55045,0.4922818487242349
55047,0.6759720837487537
55049,0.4527206936574042
55051,0.6268693307183133
55053,0.5908008761070375
55055,0.575017487758569
55057,0.6556305066079295
55059,0.5247811477584226
55061,0.663163805551099
55063,0.4463746850862379
55065,0.595108695652174
55067,0.6674671927266489
55069,0.6186292762392367
55071,0.6099275440683465
55073,0.5873911661900223
55075,0.6842062058775242
55077,0.642249627897087
55078,0.188295165394402
55079,0.2982544093559164
55081,0.6244586424252819
55083,0.7103814155379607
55085,0.5819946048234489
55087,0.5435592690228319
55089,0.5459580056646466
55091,0.6426274689940285
55093,0.569391785150079
55095,0.6485183609811428
55097,0.4862829602854627
55099,0.6507452574525745
55101,0.5246364127297444
55103,0.5595916174099946
55105,0.4564366211569235
55107,0.6851470766251059
55109,0.587611819369347
55111,0.5002927556288923
55113,0.5774141341485345
55115,0.6757620976337668
55117,0.5750333778371162
55119,0.7347833870390261
55121,0.6013320054774057
55123,0.5312141866216298
55125,0.6109558412520961
55127,0.6053584718432151
55129,0.6356249429380079
55131,0.6757640244838858
55133,0.5922174316432899
55135,0.6616722099647644
55137,0.6702646239554317
55139,0.5167706954164303
55141,0.593062706114024
56001,0.5062645274675435
56003,0.8552099806712353
56005,0.877714411055056
56007,0.7826774142563616
56009,0.8619347109913148
56011,0.8826258408721874
56013,0.6771395076201642
56015,0.7976850342354092
56017,0.7995391705069125
56019,0.8113790970933829
56021,0.6541644327373598
56023,0.8346845587550088
56025,0.7344526807775892
56027,0.9008130081300812
56029,0.7893815987933634
56031,0.819547281573937
56033,0.7424008878475862
56035,0.7993858751279427
56037,0.7568954070855212
56039,0.3161275521908694
56041,0.8105520926090828
56043,0.8135902108825827
56045,0.8783629078420149
