fips,dc_employment,dc_employment_growth
01001,16,1.6667
01003,138,1.5091
01005,0,
01007,0,
01009,5,
01015,49,7.1667
01017,12,
01021,10,
01023,0,
01027,0,
01029,0,
01031,6,0.2
01033,29,8.6667
01035,0,
01037,0,
01043,8,1.0
01045,12,
01047,0,
01049,12,2.0
01051,8,
01053,0,
01055,5,0.6667
01061,0,
01065,0,
01067,0,
01069,23,2.2857
01071,20,2.3333
01073,872,0.3997
01077,410,40.0
01081,279,0.8851
01083,17,1.8333
01089,398,0.6245
01091,0,
01093,0,
01095,31,0.9375
01097,540,3.6154
01101,300,-0.3213
01103,46,0.5862
01109,4,
01113,28,6.0
01115,32,9.6667
01117,232,0.771
01119,0,
01121,24,5.0
01123,7,1.3333
01125,243,0.5478
01127,8,1.6667
01131,6,0.5
01133,0,
04001,0,
04003,42,0.4
04005,73,23.3333
04007,11,0.5714
04013,11132,0.1655
04015,88,16.6
04019,417,0.7821
04021,34,7.5
04025,12,1.4
04027,6,-0.3333
05001,8,
05003,5,
05005,14,0.75
05007,338,0.7979
05009,5,
05013,3,
05015,0,
05019,4,0.3333
05021,0,
05023,11,1.75
05029,8,0.6
05031,52,1.8889
05033,3,-0.4
05035,7,-0.5882
05037,0,
05039,0,
05041,4,
05043,5,-0.1667
05045,1506,-0.1399
05047,0,
05049,3,
05051,223,0.1737
05053,4,0.0
05055,40,0.8182
05057,19,0.7273
05059,0,
05061,7,0.4
05063,9,1.25
05065,59,10.8
05067,0,
05069,3,
05071,0,
05073,0,
05081,0,
05083,0,
05085,9,0.8
05087,18,0.125
05089,5,
05091,74,8.25
05093,16,-0.3043
05103,3,-0.25
05105,0,
05111,10,1.0
05113,3,
05115,39,3.875
05117,0,
05119,682,0.5787
05121,0,
05123,3,0.0
05125,18,0.3846
05127,0,
05129,3,0.0
05131,735,0.5031
05133,0,
05137,0,
05139,5,
05141,0,
05143,316,1.5079
05145,6,1.0
05147,0,
05149,6,0.5
06001,6927,0.0199
06005,23,3.6
06007,76,-0.0952
06009,0,
06013,512,0.161
06015,0,
06017,171,0.9432
06019,100,-0.4764
06023,0,
06025,0,
06027,0,
06029,42,-0.9228
06031,0,-1.0
06033,0,
06037,11700,0.1361
06039,4,0.3333
06041,160,0.7978
06045,9,-0.1
06047,8,1.6667
06051,0,
06053,34,0.5455
06055,34,-0.15
06057,18,0.2
06059,8426,2.2458
06061,123,0.3226
06065,669,0.8229
06067,1424,-0.0253
06069,0,
06071,2933,87.8788
06073,2739,0.0152
06075,17847,0.2397
06077,36,3.0
06079,36,-0.5443
06081,6158,0.4792
06083,422,0.9628
06085,13482,0.738
06087,42,0.8261
06089,30,1.0
06095,118,0.2292
06097,134,0.5765
06099,49,0.1395
06101,3,
06107,15,4.0
06109,0,
06111,241,-0.693
06113,35,0.25
06115,8,0.3333
08001,190,-0.283
08005,2530,-0.155
08007,0,
08009,0,
08013,1950,0.8895
08014,544,-0.1807
08015,0,
08019,0,
08031,6123,0.3692
08035,1039,0.0236
08037,26,0.7333
08039,30,3.2857
08041,518,0.1261
08043,4,-0.3333
08045,6,0.2
08047,0,
08049,0,
08051,3,-0.25
08059,1901,-0.3519
08065,0,
08067,74,2.5238
08069,485,-0.331
08071,0,-1.0
08075,0,
08077,84,0.5849
08083,30,0.1538
08085,4,
08089,0,
08091,0,
08093,7,1.3333
08097,3,0.0
08101,48,0.0435
08103,0,
08107,10,0.25
08113,3,0.0
08115,0,
08117,14,3.6667
08119,4,0.0
08123,87,0.1918
09110,1683,0.2196
09120,244,1.9398
09130,111,0.2907
09140,310,1.1379
09150,24,7.0
09160,73,11.1667
09170,497,1.4604
09180,80,2.0769
09190,1342,2.3383
10001,63,1.7391
10003,363,0.1451
10005,82,0.8636
11001,1575,0.2143
12001,68,1.0606
12003,0,
12005,31,3.4286
12009,172,0.3543
12011,6013,0.4007
12015,35,2.5
12017,23,0.7692
12019,259,27.7778
12021,97,0.7321
12023,0,
12027,0,
12029,0,
12031,5460,1.0074
12033,28,0.0769
12035,73,-0.8599
12037,0,
12039,0,
12053,59,3.5385
12055,4,0.3333
12057,3620,0.3817
12059,0,
12061,121,0.2604
12063,0,
12069,135,-0.2969
12071,327,0.172
12073,1275,-0.2731
12075,9,
12081,167,2.6304
12083,96,23.0
12085,65,1.7083
12086,2773,1.0315
12087,35,4.8333
12089,56,-0.0345
12091,32,-0.5676
12095,2885,0.586
12097,70,1.5
12099,1663,0.5499
12101,108,0.5652
12103,1569,0.5413
12105,96,1.0426
12107,0,
12109,345,3.4805
12111,42,3.2
12113,343,37.1111
12115,274,1.4464
12117,1158,-0.2321
12119,8,1.0
12121,0,
12123,7,
12127,155,1.5833
12129,0,
12131,53,-0.0862
12133,0,
13013,26,
13015,6,-0.8333
13019,0,
13021,134,11.1818
13027,0,
13029,0,
13031,23,1.0909
13033,0,
13035,0,
13039,9,0.125
13045,253,0.1396
13051,110,0.0185
13053,0,
13057,237,2.5373
13059,48,3.3636
13063,194,-0.2302
13065,0,
13067,2125,1.0257
13073,66,0.8333
13077,43,3.7778
13081,0,
13083,0,
13085,51,11.75
13087,15,2.0
13089,2363,0.0081
13095,81,4.0625
13097,197,0.2086
13101,0,
13103,8,
13105,0,
13107,0,
13111,0,
13113,32,2.5556
13115,3,
13117,329,0.7135
13121,13387,0.551
13123,3,0.0
13127,12,0.0
13129,0,
13131,0,
13133,8,
13135,2134,0.6607
13137,21,4.25
13139,41,1.9286
13143,0,
13147,0,
13149,0,
13151,885,21.6923
13153,9,0.0
13155,0,
13157,26,2.25
13161,0,
13165,0,
13175,7,0.4
13177,0,
13183,0,
13185,19,0.3571
13187,22,4.5
13189,0,
13197,0,
13199,7,
13201,0,
13215,46,-0.7212
13217,21,3.2
13219,11,0.5714
13223,11,1.2
13225,0,
13233,0,
13235,0,
13237,0,
13241,6,
13245,102,3.8571
13247,10,0.6667
13251,6,
13255,22,0.2941
13257,5,
13275,12,0.0
13283,0,
13285,34,3.8571
13287,0,
13291,15,
13293,50,0.0
13295,0,
13297,15,2.75
13299,0,
13303,0,
13305,0,
13321,0,
15001,41,1.9286
15003,459,0.97
15007,4,0.0
15009,63,1.3333
16001,771,1.0183
16005,13,0.625
16009,0,
16011,0,
16013,45,2.0
16015,0,
16017,37,1.1765
16019,46,0.122
16021,4,
16023,0,
16027,55,2.2353
16029,0,
16031,9,0.2857
16037,0,
16039,0,
16041,3,0.0
16043,0,
16045,0,
16047,0,
16049,3,0.0
16051,7,0.75
16053,0,
16055,115,3.1071
16057,39,0.95
16059,6,
16065,21,6.0
16067,7,1.3333
16069,22,1.75
16071,12,1.4
16073,0,
16075,14,
16077,3,0.0
16079,6,1.0
16081,3,
16083,22,0.2941
16085,3,
16087,0,
17001,25,0.5625
17007,0,
17019,362,0.1753
17021,4,0.3333
17025,0,
17029,10,-0.6429
17031,11271,0.4622
17033,0,
17037,92,0.7358
17043,1951,0.1497
17049,33,0.1
17051,0,
17053,12,0.0
17055,42,2.5
17057,22,-0.1538
17063,0,
17065,17,0.8889
17071,0,
17073,4,0.3333
17077,4,
17081,0,
17085,0,
17089,152,1.4918
17091,23,1.0909
17093,3,
17095,0,
17097,328,0.5922
17099,0,
17101,0,
17105,0,
17111,47,2.6154
17113,154,2.08
17115,6,0.2
17117,0,
17119,225,8.0
17123,0,
17133,18,3.5
17137,0,
17139,0,
17141,13,
17143,21,-0.2222
17157,0,
17161,12,0.0909
17163,55,1.2917
17165,31,0.24
17167,170,-0.2308
17173,0,
17177,0,
17179,20,4.0
17185,0,
17197,174,0.9773
17199,3,0.0
17201,96,0.0
17203,0,
18001,19,2.8
18003,101,0.8704
18005,43,
18011,69,10.5
18017,6,-0.25
18019,36,0.0
18029,4,
18033,0,
18035,25,1.5
18039,24,2.4286
18043,13,
18049,0,
18053,0,
18057,455,0.7843
18059,13,0.625
18061,0,
18063,98,3.2609
18065,0,
18067,4,
18069,7,1.3333
18075,0,
18079,0,
18081,67,1.0303
18085,5,
18087,0,
18089,63,0.9688
18091,6,0.2
18095,36,0.8947
18097,1394,-0.2066
18099,0,
18103,0,
18105,40,9.0
18107,89,0.9778
18109,0,
18111,0,
18117,0,
18119,0,
18123,0,
18125,0,
18127,170,0.0494
18133,0,
18139,0,
18141,377,1.2848
18145,17,4.6667
18153,0,
18157,54,2.375
18161,0,
18163,77,2.3478
18165,0,
18167,10,
18169,5,
18173,0,
18175,0,
18177,0,
18181,0,
18183,25,0.1364
19007,0,
19009,0,
19011,5,
19013,78,0.9024
19015,168,-0.3891
19019,0,
19021,0,
19027,0,
19031,0,
19033,55,0.1224
19041,0,
19045,116,-0.4605
19047,0,
19049,710,4.0714
19055,0,
19057,0,
19059,0,
19061,31,-0.8714
19063,0,
19065,0,
19067,0,
19075,0,
19085,5,-0.375
19087,7,
19095,0,
19097,0,
19099,19,
19101,8,1.6667
19103,34,-0.3585
19105,0,
19111,0,
19113,565,-0.14
19115,0,
19121,0,
19125,4,0.3333
19127,11,1.75
19131,0,
19139,3,
19141,0,
19153,1163,0.434
19155,392,0.6824
19157,3,
19161,0,
19163,28,3.0
19165,78,-0.5094
19167,0,
19169,28,-0.7627
19171,0,
19179,0,
19181,9,-0.97
19185,0,
19189,0,
19191,0,
19193,25,0.3889
19195,0,
20001,0,
20005,5,
20009,0,
20015,15,4.0
20021,0,
20027,0,
20029,0,
20033,0,
20035,7,
20037,0,
20039,0,
20041,3,
20043,4,-0.3333
20045,135,1.5
20053,0,
20055,0,
20057,0,
20059,0,
20061,4,
20079,6,1.0
20087,0,
20091,1611,0.5141
20095,0,
20103,29,1.4167
20107,0,
20113,24,0.0435
20117,0,
20121,4,0.3333
20123,0,
20125,0,
20139,0,
20147,0,
20149,8,
20155,219,0.0631
20157,0,
20159,0,
20161,12,
20163,0,
20167,0,
20169,4,0.3333
20171,0,
20173,215,0.8696
20175,0,
20177,90,-0.7256
20185,0,
20187,0,
20191,0,
20195,0,
20197,3,0.0
20205,0,
20207,0,
20209,19,-0.8984
21003,0,
21005,0,
21009,15,
21015,171,-0.2905
21017,3,
21019,29,-0.7642
21021,0,
21023,0,
21027,0,
21029,6,1.0
21031,0,
21035,3,-0.4
21037,21,1.1
21043,0,
21045,0,
21047,11,1.2
21049,0,
21059,38,-0.24
21065,0,
21067,411,-0.6398
21073,92,-0.1068
21079,0,
21081,0,
21083,0,
21089,0,
21093,85,4.0
21095,0,
21099,0,
21101,5,0.25
21103,0,
21107,0,
21109,10,
21111,1282,0.0191
21113,5,-0.6154
21117,36,1.25
21123,0,
21125,349,-0.0464
21139,0,
21141,0,
21145,361,0.2363
21149,0,
21151,28,-0.6216
21157,0,
21167,0,
21171,0,
21185,14,1.3333
21189,0,
21193,0,
21195,10,
21197,0,
21199,0,
21205,3,-0.25
21207,0,
21209,10,2.3333
21211,19,0.0
21213,9,
21227,11,0.0
21235,234,0.0493
21239,0,
22001,0,
22003,0,
22005,6,-0.6
22009,0,
22011,0,-1.0
22015,51,-0.2031
22017,194,-0.0443
22019,35,1.9167
22023,0,
22025,0,
22027,0,
22033,1090,0.2358
22037,0,
22039,0,
22045,0,
22051,669,0.7332
22055,231,-0.0086
22057,31,5.2
22061,4,
22063,40,1.5
22067,0,
22071,567,0.5534
22073,286,0.04
22075,3,0.0
22079,42,0.0244
22083,0,
22087,0,
22089,4,
22093,0,
22095,0,
22097,7,0.1667
22099,9,
22101,4,
22103,152,0.551
22105,17,-0.0556
22109,11,0.1
22111,0,
22113,0,
22115,0,
22117,0,
22121,0,
23001,4,-0.6
23003,10,1.5
23005,406,0.3904
23007,0,
23009,9,2.0
23011,55,-0.6562
23013,13,1.1667
23015,10,0.4286
23017,28,0.2727
23019,32,0.6842
23021,0,
23023,24,1.1818
23025,8,
23027,8,
23029,3,
23031,83,0.6939
24001,12,3.0
24003,501,1.3194
24005,591,1.3268
24009,34,1.4286
24011,11,2.6667
24013,50,1.6316
24015,21,0.75
24017,53,-0.4045
24019,4,-0.9024
24021,464,2.5152
24023,78,-0.2277
24025,123,19.5
24027,743,0.3292
24029,6,0.5
24031,1748,0.5579
24033,486,-0.3017
24035,10,
24041,51,4.6667
24043,161,0.9167
24045,31,
24047,4,0.0
24510,249,0.0163
25001,139,-0.142
25003,51,0.3077
25005,232,3.2963
25009,434,0.1762
25011,5,0.0
25013,70,0.9444
25015,53,12.25
25017,3178,-0.0592
25019,0,
25021,633,0.2412
25023,343,-0.3695
25025,4339,0.3355
25027,445,0.2327
26005,24,0.6
26007,0,
26009,15,0.1538
26015,8,0.3333
26017,48,1.087
26021,30,0.5789
26023,6,0.2
26025,12,1.4
26027,15,0.0
26029,0,
26031,4,-0.2
26033,4,0.0
26035,0,
26037,39,0.3
26041,216,1.0
26043,5,0.6667
26045,517,0.2518
26049,112,0.1789
26055,105,-0.1393
26061,25,0.6667
26063,11,2.6667
26065,575,-0.0464
26069,0,
26073,4,-0.5
26075,7,-0.4167
26077,30,-0.5455
26081,976,0.1703
26087,4,0.3333
26089,12,3.0
26091,8,0.3333
26093,93,0.0333
26097,0,
26099,284,0.449
26103,29,-0.0645
26105,8,-0.1111
26107,6,-0.4545
26109,0,
26111,11,0.5714
26115,28,-0.0968
26117,14,-0.125
26121,26,0.1818
26123,4,0.0
26125,2416,0.1139
26129,0,
26139,50,0.0417
26145,110,0.1224
26147,33,0.65
26155,11,2.6667
26157,9,1.25
26161,1348,0.0515
26163,1580,-0.0447
26165,11,1.75
27001,0,
27003,77,0.4
27005,5,
27007,12,3.0
27009,0,
27011,0,
27013,18,1.5714
27015,3,
27017,0,
27019,31,-0.2051
27021,13,0.0833
27025,3,-0.4
27027,4,0.3333
27033,0,
27035,9,2.0
27037,487,0.2175
27041,48,0.7778
27043,4,
27047,3,-0.5
27049,0,
27051,0,
27053,5446,0.3387
27055,10,0.6667
27057,0,
27059,17,3.25
27061,52,-0.2353
27063,0,
27065,0,
27067,98,-0.0101
27075,27,
27085,0,
27091,0,
27093,0,
27097,3,
27099,54,-0.0357
27103,12,1.4
27109,61,0.9677
27111,10,-0.6667
27115,69,-0.0143
27119,20,1.0
27121,0,
27123,1036,1.9685
27129,3,0.0
27131,9,0.0
27137,74,0.3214
27139,13,3.3333
27141,5,
27143,10,
27145,114,2.1667
27147,9,1.25
27151,0,
27153,0,
27157,0,
27161,0,
27163,115,4.0
27165,3,
27169,7,0.4
27171,19,2.8
28003,21,0.0
28007,0,
28011,0,
28013,0,
28019,0,
28025,0,
28029,0,
28033,11,2.6667
28035,9,0.8
28037,0,
28043,0,
28045,20,2.3333
28047,22,-0.0435
28049,45,2.0
28059,13,
28061,0,
28065,0,
28067,4,
28071,10,0.4286
28073,3,
28075,34,
28081,461,-0.325
28083,10,0.4286
28085,0,
28087,33,1.0625
28089,266,0.6943
28091,0,
28093,0,
28099,0,
28101,0,
28105,18,3.5
28109,3,
28113,6,1.0
28117,0,
28121,14,2.5
28123,0,
28127,0,
28135,0,
28139,0,
28141,0,
28149,6,
28151,0,
29001,0,
29003,0,
29007,8,
29009,0,
29013,0,
29019,46,3.6
29021,25,5.25
29023,141,1.6604
29025,9,0.5
29029,57,0.4615
29031,36,-0.0769
29033,0,
29035,0,
29037,21,4.25
29039,4,
29043,6,
29047,171,0.6602
29049,0,
29051,451,-0.2545
29055,0,
29059,0,
29061,0,
29065,0,
29067,0,
29069,3,0.0
29071,68,1.0606
29073,0,
29075,0,
29077,457,-0.2161
29091,0,
29093,0,
29095,2788,0.2633
29097,14,3.6667
29099,19,5.3333
29101,3,0.0
29103,0,
29109,0,
29115,0,
29117,0,
29119,0,
29121,18,2.0
29123,0,
29125,0,
29127,0,
29129,0,
29131,0,
29133,0,
29135,0,
29139,14,0.75
29141,5,0.25
29145,5,
29149,0,
29153,0,
29159,9,-0.4
29161,4,0.3333
29165,211,-0.3701
29167,0,-1.0
29169,17,0.7
29175,0,
29177,0,
29183,4557,0.47
29185,0,
29186,0,
29187,13,0.0833
29189,4359,-0.0474
29201,9,0.125
29211,0,
29213,13,-0.0714
29215,0,
29219,4,0.3333
29221,0,
29223,3,
29225,26,0.7333
29510,534,1.5797
30009,0,
30013,18,0.2857
30017,0,
30021,0,
30023,0,
30025,0,
30027,0,
30029,31,2.1
30031,128,0.3763
30035,0,
30041,0,
30043,0,
30047,10,-0.7727
30049,113,-0.5252
30053,0,
30057,0,
30061,0,
30063,30,-0.4915
30067,0,
30073,0,
30081,20,1.0
30083,0,
30085,0,
30087,0,
30093,10,
30099,0,
30105,0,
30111,37,0.9474
31015,0,
31019,13,1.1667
31025,0,
31027,0,
31029,0,
31031,0,
31033,0,
31035,0,
31043,0,
31049,0,
31053,5,0.6667
31055,1218,-0.5929
31059,0,
31065,0,
31079,6,
31081,3,
31083,0,
31089,0,
31095,0,
31101,0,
31109,422,0.8924
31111,0,
31119,12,1.0
31131,0,
31137,0,
31141,0,
31145,0,
31153,88,-0.102
31155,0,
31157,9,0.125
31159,4,
31167,0,
31175,0,
31177,72,-0.5556
31181,0,
32001,62,0.3478
32003,2084,0.7797
32005,30,0.3043
32019,3,-0.25
32029,153,-0.0437
32031,594,-0.1818
32510,19,0.0556
33001,12,0.0909
33003,5,
33005,37,
33007,4,
33009,92,0.2603
33011,959,1.2618
33013,36,0.0
33015,585,1.0599
33017,19,-0.9379
33019,4,0.3333
34001,42,0.3548
34003,2779,0.1545
34005,298,-0.0745
34007,85,-0.2797
34009,23,
34011,152,-0.0843
34013,4564,13.6752
34015,74,1.5517
34017,2899,0.5964
34019,20,-0.5349
34021,306,-0.3818
34023,1266,-0.1072
34025,681,-0.227
34027,548,-0.5848
34029,168,-0.0968
34031,645,1.1217
34035,1374,1.2599
34037,38,0.52
34039,351,0.918
34041,313,8.7812
35001,435,1.3387
35003,0,
35005,5,
35006,15,1.1429
35007,0,
35009,14,0.75
35013,104,6.4286
35015,10,
35017,3,
35023,6,1.0
35025,3,
35027,3,0.0
35028,29,3.1429
35029,0,
35031,10,
35035,11,2.6667
35037,0,
35039,6,0.2
35041,3,
35043,75,0.4706
35045,26,7.6667
35047,0,
35049,74,2.5238
35051,3,
35053,0,
35055,15,1.5
35059,0,
35061,134,0.2072
36001,842,-0.1486
36005,801,5.3571
36007,254,-0.0522
36009,0,
36011,23,
36013,0,
36015,0,
36019,16,1.6667
36021,4,1.0
36027,220,-0.144
36029,1724,2.7155
36039,9,0.8
36043,0,
36045,28,0.2174
36047,972,1.4733
36049,0,
36051,0,
36053,0,
36055,482,-0.2607
36057,0,
36059,1211,-0.2611
36061,17358,0.5156
36063,14,-0.5484
36065,19,0.9
36067,291,-0.1019
36069,191,-0.1239
36071,165,2.6667
36073,0,
36075,4,
36079,28,0.2174
36081,543,0.5971
36083,69,-0.54
36085,28,-0.9247
36087,182,0.3285
36089,65,-0.0441
36091,149,0.6932
36093,29,1.0714
36099,0,
36101,5,-0.375
36103,1069,0.2681
36105,6,
36107,4,0.0
36109,23,0.7692
36111,100,-0.2754
36113,18,0.8
36115,0,
36117,3,0.0
36119,1141,-0.1774
36121,0,
37001,70,-0.5333
37009,0,
37017,0,
37019,10,2.3333
37021,353,1.5766
37023,6,
37025,96,1.6667
37027,18,0.2857
37031,5,0.25
37033,0,
37035,476,5.1026
37037,37,-0.9
37039,47,3.7
37045,388,0.289
37047,0,
37049,12,0.0
37051,39,0.2581
37053,4,
37055,4,0.0
37057,8,
37059,0,
37063,777,0.774
37065,7,
37067,224,0.1089
37069,12,3.0
37071,58,18.3333
37077,98,23.5
37081,857,0.6771
37085,10,0.4286
37087,20,1.8571
37089,9,-0.1
37093,4,
37097,66,2.3
37099,26,-0.2571
37101,42,1.8
37105,11,
37109,5,-0.5455
37113,4,-0.8095
37115,3,-0.4
37117,45,-0.0217
37119,2874,0.0813
37123,69,0.0
37125,46,0.6429
37127,14,-0.8313
37129,250,4.3191
37133,10,-0.6429
37135,296,2.4419
37137,5,0.6667
37139,16,-0.7612
37141,7,0.4
37147,15,-0.4444
37151,15,
37153,0,
37155,0,
37157,34,0.0303
37161,82,0.0789
37167,0,
37169,0,
37171,4,
37175,0,
37179,69,3.3125
37183,4464,0.3782
37185,0,
37189,6,0.0
37191,0,-1.0
37193,6,
37195,0,-1.0
37199,5,-0.1667
38003,0,
38009,0,
38015,20,5.6667
38017,136,-0.6642
38021,0,
38035,13,0.8571
38043,0,
38045,0,
38053,0,
38055,6,
38057,3,
38059,11,-0.7556
38071,0,
38077,6,
38079,0,
38089,0,
38093,58,
38097,0,
38101,23,
38105,22,
39001,0,
39003,24,2.0
39005,11,-0.2143
39007,11,2.6667
39009,16,1.0
39011,0,
39013,0,
39017,99,0.8
39019,8,1.0
39023,15,2.0
39025,52,1.8889
39027,463,-0.192
39029,0,
39031,0,
39033,0,
39035,3034,0.8903
39039,5,0.6667
39041,186,0.3881
39043,24,-0.5636
39045,10,1.0
39047,0,
39049,3884,0.3153
39051,0,
39053,0,
39055,47,0.0444
39057,141,-0.2843
39059,0,
39061,1322,-0.0617
39063,0,
39065,0,
39067,3,0.0
39069,0,
39071,3,
39073,5,0.25
39077,113,0.6143
39079,0,
39081,5,
39083,5,
39085,79,2.95
39089,47,-0.2985
39091,0,
39093,66,3.4
39095,199,-0.2519
39097,3,-0.25
39099,158,-0.2752
39101,0,
39103,41,-0.1277
39105,0,
39107,3,
39109,15,1.1429
39111,0,
39113,274,0.3498
39117,0,
39119,3,
39123,4,
39129,27,0.125
39133,109,0.9123
39135,0,
39137,0,
39139,98,23.5
39141,0,
39143,17,0.3077
39145,0,
39147,8,0.3333
39149,5,
39151,66,0.5714
39153,473,-0.054
39155,72,4.1429
39157,0,
39159,5,0.6667
39161,0,
39165,226,3.6122
39167,5,-0.2857
39169,28,0.8667
39171,0,-1.0
39173,104,2.4667
39175,0,
40001,0,
40007,0,
40009,0,
40013,224,5.5882
40017,48,2.6923
40019,0,
40021,0,
40027,52,3.7273
40031,29,-0.9251
40037,16,
40039,0,
40041,11,
40047,6,
40051,0,
40055,0,
40065,0,
40071,16,1.2857
40073,0,
40077,0,
40079,7,
40081,0,
40083,6,
40085,0,
40087,3,
40089,0,
40091,0,
40097,5,-0.375
40101,17,
40105,0,
40109,914,0.9042
40111,0,
40113,0,
40115,0,
40117,0,
40119,19,3.75
40121,3,
40125,31,0.069
40129,0,
40131,12,2.0
40133,0,
40135,0,
40137,0,
40139,0,
40143,416,0.0297
40145,8,1.6667
40147,7,-0.2222
40149,0,
40153,0,
41001,0,
41003,183,4.5455
41005,523,0.2542
41007,5,0.0
41009,12,0.7143
41011,0,
41013,401,1.1676
41015,0,
41017,146,2.4762
41019,5,0.25
41025,0,
41027,6,1.0
41029,43,1.15
41031,0,
41033,18,0.0588
41035,3,0.0
41039,94,0.2208
41041,3,
41043,18,2.6
41047,52,-0.9177
41049,752,1.3648
41051,2871,0.3511
41053,9,2.0
41055,0,
41057,0,
41059,975,1.4746
41061,0,
41065,271,0.6626
41067,1668,0.0177
41069,0,
41071,29,0.5263
42001,9,0.2857
42003,2356,0.2811
42005,16,-0.7037
42007,16,1.6667
42011,152,0.1343
42013,18,0.5
42015,0,
42017,909,0.086
42019,192,0.2973
42021,49,1.7222
42025,177,0.1274
42027,116,1.0
42029,1630,0.2074
42033,31,9.3333
42035,10,
42037,19,3.75
42039,26,-0.0714
42041,275,-0.4035
42043,249,-0.1994
42045,155,0.7614
42047,0,
42049,54,1.5714
42051,18,-0.2174
42055,17,-0.3704
42059,0,
42061,10,
42063,5,0.0
42067,0,
42069,73,1.0278
42071,182,0.3684
42073,10,0.6667
42075,41,3.1
42077,146,-0.4511
42079,229,0.9083
42081,14,1.8
42083,0,
42085,129,1.3455
42087,0,
42089,36,0.3333
42091,2832,-0.0522
42095,817,0.1997
42097,7,0.0
42099,9,0.125
42101,1712,1.3944
42103,21,2.5
42105,17,3.25
42107,6,0.2
42109,46,-0.0417
42111,26,4.2
42115,14,
42117,0,-1.0
42121,0,
42123,19,0.0
42125,166,0.3833
42127,12,-0.0769
42129,149,2.3864
42131,7,1.3333
42133,108,0.44
44001,20,1.8571
44003,165,0.7742
44005,68,0.7895
44007,355,-0.1035
44009,113,2.4242
45001,38,0.0556
45003,12,0.0
45007,94,5.2667
45011,0,
45013,54,0.6875
45015,111,2.3636
45017,16,0.1429
45019,1000,0.006
45021,0,
45023,7,
45025,4,0.3333
45027,0,
45033,30,9.0
45035,35,0.2069
45039,0,
45041,46,6.6667
45043,52,0.6774
45045,552,0.1265
45047,32,7.0
45049,0,
45051,425,0.5977
45055,3,0.0
45057,65,0.383
45059,11,1.2
45061,0,
45063,100,-0.6016
45065,0,
45067,0,
45071,6,-0.4
45073,44,0.6296
45075,4,
45077,24,1.1818
45079,702,0.0734
45083,54,1.0769
45085,5,0.25
45087,0,
45089,0,
45091,677,0.0628
46005,0,
46011,19,1.375
46013,15,0.3636
46019,3,0.0
46025,0,
46027,3,
46029,3,
46033,0,
46035,4,
46037,0,
46047,0,
46061,0,-1.0
46065,20,0.25
46067,0,
46079,5,0.6667
46081,8,1.6667
46083,13,1.6
46087,0,
46093,3,-0.25
46099,167,0.4911
46103,49,1.45
46105,0,
46109,0,
46111,0,
46115,3,
46117,0,
46119,0,
46127,7,1.3333
46135,0,
47001,16,1.2857
47003,29,0.0
47005,0,
47009,22,-0.0435
47011,11,1.2
47013,10,1.0
47015,0,
47017,4,
47019,0,
47021,40,1.6667
47025,0,
47027,0,
47029,0,
47031,21,1.3333
47035,24,5.0
47037,2849,-0.1945
47041,4,0.3333
47043,3,0.0
47045,0,
47047,3,
47049,0,
47051,16,2.2
47055,14,0.0769
47057,0,
47059,4,
47063,4,
47065,921,2.4624
47073,0,
47079,0,
47081,0,
47083,0,
47091,3,0.0
47093,509,0.2693
47101,0,
47105,32,-0.7064
47107,6,1.0
47113,16,0.0667
47115,8,0.6
47117,0,
47119,61,0.9677
47121,0,
47123,0,
47125,343,27.5833
47129,0,
47131,0,
47135,0,
47137,0,
47139,0,
47141,34,0.5455
47143,0,
47145,8,-0.1111
47147,0,
47149,408,12.1613
47151,0,
47153,0,
47155,13,-0.2353
47157,685,2.1422
47159,0,
47161,0,
47163,86,0.0
47165,300,1.6316
47171,0,
47173,0,
47175,0,
47177,7,-0.8333
47179,32,1.2857
47183,3,
47185,0,
47187,1548,0.2889
47189,55,4.0
48001,8,1.0
48003,0,
48005,3,0.0
48007,0,
48013,45,0.0
48015,44,0.3333
48019,8,0.0
48021,4,
48027,56,-0.6433
48029,4076,-0.4348
48031,0,
48035,0,
48037,15,4.0
48039,27,1.25
48041,176,3.5128
48049,6,
48053,7,
48055,0,
48057,13,
48059,0,
48061,7,-0.6957
48063,0,
48067,0,
48073,0,
48085,7525,0.0843
48091,14,2.5
48093,0,
48097,3,0.0
48099,5,-0.5455
48101,0,
48103,0,
48111,13,3.3333
48113,8232,0.3976
48117,0,
48121,1050,0.2666
48125,0,
48133,0,
48135,0,
48139,126,5.0
48141,1058,0.0038
48143,0,
48157,316,0.0934
48161,0,
48163,0,
48165,0,
48167,26,1.6
48173,0,
48177,0,
48179,0,
48181,73,17.25
48187,6,
48189,0,
48199,8,0.6
48201,7984,0.6682
48203,12,0.3333
48209,71,1.4483
48213,17,0.5455
48215,320,1.8829
48221,0,
48225,0,-1.0
48227,5,
48231,0,-1.0
48245,28,1.8
48251,7,-0.4615
48257,177,
48259,14,
48265,3,-0.5
48273,0,
48277,11,
48281,0,
48283,0,
48287,0,
48289,0,
48291,14,2.5
48301,0,
48303,133,0.5833
48305,0,
48309,51,0.275
48315,0,
48323,0,
48325,0,
48329,19,3.75
48331,0,
48339,324,-0.0122
48343,0,
48347,87,0.4032
48349,0,
48355,74,0.48
48357,0,
48365,0,
48367,38,1.0
48371,28,
48373,3,0.0
48375,99,-0.0388
48379,0,
48381,212,0.0144
48383,0,
48389,0,
48397,31,2.1
48401,0,
48407,0,
48409,0,
48423,29,3.1429
48427,7,0.0
48439,1468,0.3142
48441,95,0.2667
48443,0,
48449,0,
48451,18,2.6
48453,11245,0.4196
48459,4,0.3333
48463,0,
48467,0,
48469,0,
48473,91,1.6765
48475,31,
48477,0,
48479,35,0.4583
48483,0,
48485,10,-0.5652
48491,493,1.3702
48497,3,
48499,17,2.4
49005,17,-0.7424
49007,0,
49011,111,-0.3657
49021,0,
49023,0,
49035,4284,0.4717
49037,0,
49043,80,0.0
49045,0,
49047,0,
49049,3087,0.4083
49051,9,-0.4375
49053,151,0.5253
49057,60,0.3333
50001,5,0.6667
50003,27,0.6875
50005,9,-0.1818
50007,226,0.0
50009,0,
50011,16,0.2308
50013,0,
50015,60,0.1765
50017,10,0.1111
50019,4,0.3333
50021,10,1.5
50023,22,4.5
50025,45,6.5
50027,54,17.0
51001,6,
51003,141,0.4242
51007,0,
51009,4,0.3333
51011,0,
51013,884,-0.1401
51015,15,4.0
51019,8,-0.2
51021,0,
51025,0,
51031,9,2.0
51033,6,0.0
51035,0,
51037,6,
51041,255,-0.2006
51043,0,
51047,0,
51053,0,
51059,13125,0.8149
51061,34,-0.4237
51065,0,
51067,63,2.5
51069,44,-0.6071
51073,10,
51075,19,5.3333
51077,0,
51081,0,
51083,6,0.2
51085,88,0.7959
51087,437,1.2183
51089,198,0.0
51091,0,
51093,37,8.25
51095,38,3.75
51099,2,0.0
51101,0,
51103,0,
51105,0,
51107,1638,-0.0049
51109,0,
51113,0,
51115,0,
51117,57,-0.3736
51121,26,-0.7759
51125,0,
51131,0,
51133,0,
51135,0,
51137,8,1.0
51139,0,
51143,0,
51145,0,
51147,0,
51153,287,0.4138
51155,0,
51157,7,
51159,0,
51161,6,-0.9302
51165,7,
51169,0,
51171,15,4.0
51175,0,
51177,16,-0.7377
51179,19,-0.3448
51185,3,0.0
51187,6,0.5
51191,66,
51195,13,-0.2778
51199,14,-0.5625
51510,230,-0.112
51520,0,
51540,39,0.56
51550,547,0.4587
51570,11,0.2222
51590,19,0.1875
51595,0,
51600,33,3.125
51610,9,0.2857
51620,0,
51630,17,-0.6222
51640,0,
51650,84,0.68
51660,48,-0.1429
51680,19,-0.05
51683,129,6.5882
51685,8,-0.1111
51690,0,
51700,15,4.0
51710,175,-0.5647
51730,0,
51740,6,-0.5
51750,8,
51760,200,0.8519
51770,17,1.125
51800,9,1.25
51810,560,0.0275
51820,0,
51830,0,
51840,31,
53001,0,
53005,17,-0.6047
53007,27,-0.413
53009,9,0.8
53011,1117,0.1947
53015,8,1.6667
53019,0,
53021,3,
53025,236,0.18
53027,0,
53029,24,0.0
53033,19755,0.8986
53035,271,4.42
53037,12,-0.52
53039,4,
53041,15,2.0
53045,13,2.25
53047,0,
53049,0,
53053,205,0.3758
53055,10,-0.3333
53057,40,-0.0244
53059,9,2.0
53061,349,0.0205
53063,408,0.4783
53065,0,-1.0
53067,520,0.4365
53069,0,
53071,24,0.0909
53073,87,-0.4596
53075,6,
53077,3,-0.4
54003,87,0.3182
54009,3,-0.25
54011,35,0.5217
54013,0,
54019,14,0.5556
54023,0,
54025,0,-1.0
54027,5,0.6667
54029,11,1.75
54031,4,
54033,17,0.4167
54035,0,
54037,42,3.2
54039,399,0.6979
54041,0,
54043,0,
54045,0,
54047,0,
54049,10,-0.5455
54053,9,0.125
54055,15,0.1538
54057,332,-0.0648
54059,0,
54061,275,0.1957
54063,0,
54067,7,0.0
54069,4,0.3333
54077,43,
54079,9,2.0
54081,7,0.4
54083,9,2.0
54085,0,
54087,0,
54089,3,
54091,0,
54095,0,
54097,0,
54099,5,
54105,0,
54107,6,
54109,0,
55005,11,0.1
55007,8,
55009,30,-0.2683
55013,0,
55015,6,-0.1429
55017,3,
55019,0,
55021,0,
55025,1839,0.2285
55029,0,
55031,113,-0.2848
55033,0,
55035,7,1.3333
55039,8,0.3333
55045,283,-0.2835
55049,0,
55051,0,
55055,28,-0.3913
55059,170,0.2977
55063,315,-0.1732
55065,0,
55071,0,
55073,26,0.0833
55079,4496,0.274
55083,9,0.0
55085,0,
55087,278,0.0775
55089,145,0.5426
55093,0,
55095,0,
55097,0,
55101,16,0.2308
55105,339,-0.4094
55107,0,
55109,8,0.6
55113,0,
55115,0,
55117,6,2.0
55119,0,
55121,3,
55125,0,
55127,38,0.3571
55131,14,0.5556
55133,299,-0.7995
55135,3,0.0
55137,0,
55139,29,1.2308
55141,66,3.7143
56001,5,0.25
56003,4,0.0
56005,9,0.5
56007,3,
56009,0,
56013,5,
56015,0,
56019,0,
56021,108,0.0286
56023,10,
56025,12,3.0
56027,0,
56029,4,0.3333
56031,0,
56033,5,-0.6154
56035,3,
56037,6,1.0
56039,24,5.0
56041,0,
56045,0,
